N,P,K,temperature,humidity,ph,rainfall,label
52,108,48,14.0,93.56850478,7.79006163,204.72374714,papaya
50,85,53,14.0,99.0,6.6169799,194.91974083,papaya
84,99,54,28.23519863,86.99571974,6.51820467,89.91002417,banana
106,14,50,26.17871624,80.09425104,7.07552496,41.34274837,watermelon
58,60,56,14.0,95.00952872,6.78271193,163.00232415,papaya
5,16,31,35.96054636,48.69677802,4.555688532,98.00644238,mango
81,20,27,34.96642236,32.50433907,7.64798855,98.50015356,mango
109,0,50,26.26261088,80.22093021,7.01064404,66.44807054,watermelon
51,25,38,31.51035475,49.2821581,6.3203629,99.30524142,mango
0,0,26,35.17033078,43.79033619,3.5,97.4024389,mango
94,44,56,24.32859411,83.79011006,6.11789748,60.11812425,watermelon
23,23,27,34.72413192,51.4271781,5.161148592,97.31258083,mango
51,25,45,40.06806071,56.72133493,4.33341687,101.02624707,mango
54,0,45,27.89079943,87.40038681,6.54150586,53.79433217,watermelon
73,57,45,31.37680764,93.3633193,6.61996696,169.26923214,papaya
126,24,39,25.32099923,83.29194784,7.30491846,51.98034592,watermelon
0,17,30,35.47478322,47.97230503,6.279133738,97.79072474,mango
113,6,53,26.01368917,86.182847,6.49032775,18.87742174,watermelon
107,12,47,24.68978003,86.19836567,5.99081803,37.54585768,watermelon
55,8,45,25.18051905,88.06475563,6.10615072,21.56747425,watermelon
14,21,31,38.45581656,47.14885503,6.91939151,101.45036397,mango
140,66,66,45.0,95.36483425,5.23959014,658.07523643,papaya
12,42,51,41.72348627,39.65396064,3.5,66.60169665,mango
32,57,50,32.01259017,99.0,6.15650838,71.98898375,papaya
7,31,29,34.82168804,43.74395102,7.37935387,91.95773305,mango
56,194,41,24.80162224,71.38153913,5.84967532,191.24974654,banana
30,20,26,33.78550939,45.99481448,7.3827434,95.39157245,mango
12,96,43,27.78114645,83.56886527,7.4851658,76.71688999,watermelon
0,46,36,18.00193433,42.08909684,3.5,86.32283824,mango
38,67,42,45.0,90.55515006,6.52224471,129.52060374,papaya
67,17,60,18.47293717,81.35155105,6.37223232,112.40606697,watermelon
66,10,15,34.54959905,49.74962878,6.19934208,97.63681529,mango
82,55,53,37.03554713,94.00799126,6.39779175,326.99922502,papaya
3,28,26,35.36027004,50.31443999,5.07926541,99.86623323,mango
31,19,22,30.47926397,40.47056472,8.18864666,90.49901247,mango
21,74,52,19.58811372,88.71957197,6.5663191,237.34404964,papaya
81,18,50,26.80750629,88.22874955,6.429788072999999,58.79889057,watermelon
111,125,23,27.80702641,74.23740568,6.26749355,137.83458044,banana
77,99,55,26.98596688,74.74482782,6.83972811,89.34907048,banana
52,17,38,27.35677945,51.61789951,4.92000132,87.31525606,mango
67,56,55,33.10822444,92.41684423,5.80117487,85.1748933,banana
0,29,28,28.19113433,55.68504864,6.65023647,98.69923342,mango
108,81,54,30.00857132,78.7148644,5.94564625,93.43731531,banana
118,90,59,26.98828541,80.71203022,5.70518555,65.49572776,banana
83,94,47,27.39872329,81.10523402,6.469370954,112.1355384,banana
16,34,45,14.0,37.88200449,9.0,108.68502059,mango
64,52,44,45.0,91.98995915,7.03052638,182.50792963,papaya
27,25,35,23.96350887,99.0,6.7759163,293.77119713,papaya
91,135,79,14.0,99.0,6.57628291,346.06752233,papaya
21,22,30,24.5251806,61.43149403,8.57987643,86.49853756,mango
32,28,31,31.68519312,51.26458368,7.38514126,97.89310841,mango
106,0,42,27.63442916,88.28944017,6.78217759,65.8444688,watermelon
108,85,47,32.45111547,79.9847871,6.18434383,100.01334195,banana
47,39,32,27.58519552,92.75045825,6.64956031,38.87589327,watermelon
1,42,43,45.0,97.89285566,6.91169118,197.35146134,papaya
1,0,58,45.0,83.09834273,8.11113179,931.68765116,papaya
102,79,43,14.0,94.28519546,7.13906716,15.0,papaya
107,25,52,25.94118843,90.76309939,6.79652154,58.05784413,watermelon
0,41,37,26.9486311,48.12048621,6.8606895,97.17006859,mango
109,3,47,26.70375571,85.68650612,7.0517056,44.23110084,watermelon
118,0,44,26.64017644,74.65337268,3.5,73.13706953,watermelon
45,39,34,29.20235566,41.81517587,3.5,95.45937409,mango
87,14,52,27.5619877,93.9278711,5.81053874,44.33201052,watermelon
71,33,35,33.74925249,50.55280194,7.73681783,96.69912487,mango
21,0,29,24.09584606,52.41971651,8.30499364,38.64354933,watermelon
70,70,35,30.25793875,82.70037243,5.48931903,64.13321737,banana
75,36,31,30.79588091,60.79050289,7.40599079,114.81231792,mango
98,86,53,28.70257204,81.00110008,6.18831313,123.43511878,banana
70,28,47,25.6539189,89.09140942,6.62419002,57.28469822,watermelon
6,51,23,45.0,57.19778332,3.5,107.3254976,mango
106,0,56,24.357775,81.82618239,7.22493386,69.19359792,watermelon
157,60,33,42.75799545,85.43939851,5.26164187,109.61170024,papaya
110,41,53,14.0,88.40335741,6.31043927,15.0,papaya
107,23,45,28.06158111,82.04051582,6.60232998,62.00046321,watermelon
80,16,46,25.50405534,81.40297428,6.940236218,48.47833278,watermelon
95,12,46,26.21667586,81.01009354,6.32281728,54.65423596,watermelon
14,53,45,42.95700606,91.50594071,7.15191173,15.0,papaya
9,38,25,34.58561471,50.34035336,5.497946899,100.3060719,mango
106,86,47,24.62899803,82.84824082,5.82969542,111.79595086,banana
114,20,52,25.69540301,71.9114497,6.17897692,44.26070171,watermelon
117,27,48,26.53259325,82.39053979,6.835268183999999,54.30660782,watermelon
51,95,61,21.6436319,65.8766727,4.5047044,51.93245678,banana
120,34,48,25.14732785,87.81900631,6.1838913,54.78273085,watermelon
101,86,38,26.57719952,79.08294057,6.65850884,122.94420007,banana
104,80,60,25.89987892,79.89601812,5.85760679,133.6584198,banana
78,78,37,26.7462914,58.77319062,5.3586112,193.08272678,banana
54,29,34,29.82319946,48.35872611,6.08531416,104.81890251,mango
117,86,55,23.92713232,75.99461087,5.22442711,84.6761386,banana
2,40,27,29.73770045,47.54885174,5.954626604,90.09586854,mango
109,91,53,29.66727337,83.51014178,6.010095852999999,110.2511102,banana
113,6,54,45.0,44.93720427,3.69750102,97.07126977,mango
85,74,54,28.48237987,75.86703784,6.69448114,83.75404883,banana
84,7,51,26.81530456,87.65694462,6.399669044,55.74073582,watermelon
70,51,44,27.07883863,91.05536247,7.17832672,337.54140538,papaya
113,28,48,26.63235145,90.59623717,7.07686256,61.0705277,watermelon
68,28,52,35.91212429,83.15239558,7.88380784,15.0,papaya
70,69,49,29.5762243,71.36567334,6.18040695,109.08272289,banana
0,20,36,32.05853562,36.85368657,6.38288466,86.79809342,mango
42,0,44,44.82849167,51.75589163,3.65669713,84.85002541,mango
57,46,50,30.58781669,95.78462237,7.16199862,375.56546919,papaya
50,49,22,25.09837004,46.64344906,5.95132118,96.45740467,mango
67,20,49,27.06100344,82.20001442,5.72471952,60.77774897,watermelon
89,92,45,27.3048522,82.50182394,6.1313349,105.87912978,banana
38,22,28,27.41960875,46.7752754,5.66263236,96.41027985,mango
62,65,58,34.11168514,93.76326487,7.06919065,255.18040165,papaya
40,52,52,29.99694883,96.35892306,6.59294993,15.0,papaya
0,0,24,45.0,58.78560902,8.09567351,103.58548488,mango
108,96,42,31.17658907,78.01706451,6.212322,117.42968162,banana
88,0,65,23.95738186,95.67542598,6.36719914,26.29520399,watermelon
116,5,57,26.94882627,90.13758446,7.30132603,59.68842271,watermelon
107,97,48,26.82494664,83.81406595,6.18214016,115.7267728,banana
85,33,56,25.88297349,91.53276718,6.92057567,52.4074459,watermelon
27,33,41,14.0,91.48700421,6.20798425,224.8553647,papaya
76,25,47,26.92949781,73.49550718,6.87789474,33.19276804,watermelon
109,71,46,29.47570393,75.7809287,5.92503499,136.68945569,banana
86,88,56,30.54397167,79.58544623,5.82235433,110.43285361,banana
91,1,53,22.29292518,89.14214803,7.01286232,59.0400534,watermelon
108,51,53,20.05511596,81.88063603,5.44914692,38.50182404,watermelon
47,24,38,42.76068684,45.61830382,5.86960028,91.26214871,mango
76,90,47,28.32587223,81.68969599,5.32702929,76.69017407,banana
37,47,39,27.9281433,87.26148997,4.18790477,93.20038588,banana
84,15,51,26.66587173,90.15993176,6.81759914,58.17244026,watermelon
88,55,11,23.40841484,53.96192971,3.5,89.60927453,mango
90,31,54,23.0172134,89.21436405,6.48712065,35.45657608,watermelon
66,50,52,30.6016279,94.22978755,6.74229574,261.57359823,papaya
82,84,54,22.51861436,87.22436138,6.45582431,59.31526561,banana
133,75,51,24.89653003,90.10671022,6.80202618,100.6204036,banana
70,60,53,22.35956127,92.26439633,6.65083879,184.21740812,papaya
60,52,39,44.66930018,38.24987803,3.66591294,103.49749556,mango
18,26,31,32.611261400000004,47.74916499,5.418475257000001,91.10190759,mango
27,73,54,45.0,92.44647054,7.1710064,23.73675522,papaya
66,49,0,29.36027417,47.48085404,7.70736838,96.98471093,mango
71,90,30,45.0,93.25224296,6.90832127,15.0,papaya
37,52,47,43.08022702,93.90305729,6.54277684,211.8529059,papaya
53,69,31,34.6286317,53.56546445,7.65048966,106.31158764,mango
99,0,64,25.48065618,74.96716036,6.20846527,29.90441075,watermelon
59,89,56,31.88142058,94.86210595,7.69188514,187.71894143,papaya
86,15,47,24.04355803,84.18406764,6.423898762,53.78929956,watermelon
178,3,64,21.27044708,92.49128151,7.77169103,15.0,watermelon
81,80,55,23.63017164,85.40133609,6.096915,129.10532452,banana
0,44,34,20.77987398,41.92589252,7.14732736,97.17714512,mango
0,49,53,45.0,83.15892557,6.79319196,121.70750872,papaya
33,40,37,23.74880442,54.16274939,4.91065241,104.92211793,mango
172,18,79,24.83169618,99.0,6.74211659,32.47120718,watermelon
76,48,8,28.63348219,55.52369618,5.79265965,83.689291,mango
80,60,58,40.14643537,92.80852419,6.9609247,147.96842949,papaya
90,25,21,21.74991027,85.5392957,6.79298112,79.43130028,watermelon
22,73,38,14.0,84.20697159,6.12285236,15.0,papaya
63,70,41,35.70637594,89.14059794,7.01274034,148.23277262,papaya
97,77,46,29.95344525,86.34234842,5.64833018,121.27213351,banana
65,8,56,22.84043544,87.05969676,6.00077201,55.08505149,watermelon
78,54,31,45.0,98.84414254,6.9035478,211.58929061,papaya
0,61,28,37.2404446,47.25936834,4.78002929,91.5788049,mango
110,7,45,26.63838589,84.69546874,6.189213927000001,48.32428609,watermelon
74,0,59,24.58334623,89.85899514,5.77550401,33.17993223,watermelon
43,67,50,29.83490807,93.49766316,7.12149403,49.55023367,banana
154,88,50,22.92008504,99.0,3.5,39.42505635,banana
42,18,28,36.61396238,36.10880299,5.36537954,83.66637797,mango
21,21,30,27.69819273,51.41593238,5.403908327999999,100.7720705,mango
91,39,21,43.50372838,45.28158186,5.07513378,80.65017619,mango
106,23,53,25.34947287,89.39527966,6.04746342,49.7850464,watermelon
41,38,35,28.86131457,54.4673603,5.91696825,92.16915359,mango
92,100,70,27.64638396,82.62366297,5.29051872,117.32100976,banana
89,83,47,28.09577643,77.79586769,5.63127166,109.5408614,banana
112,86,44,24.13473788,91.31817595,6.04141766,93.44457122,banana
0,48,61,14.0,95.88267601,6.27766151,15.0,papaya
140,0,51,30.48826428,72.73343445,9.0,32.97089423,watermelon
88,29,51,24.71885473,88.94568335,6.095689937,48.45978627,watermelon
119,68,59,25.97872694,81.76418806,6.20816148,117.3661204,banana
22,18,31,30.764551500000003,47.93791463,5.956027059,90.38503469,mango
59,32,60,25.46776603,85.61664165,6.12289641,83.89246525,banana
41,59,53,45.0,89.31792798,6.77632419,15.0,papaya
96,7,57,23.69885692,93.09623664,7.08251666,49.88991074,watermelon
83,25,53,26.49195283,80.04678201,6.057697106,57.72799157,watermelon
85,83,54,28.13765873,78.73209869,5.53969137,111.92954731,banana
94,80,49,29.3876065,74.73784251,7.02711845,100.71163633,banana
81,6,55,24.88910524,85.87059083,6.110142735,51.70699144,watermelon
88,102,47,30.99895806,82.37813979,6.40785532,104.83472114,banana
105,87,59,14.0,82.98754586,7.23171748,196.1561511,papaya
151,91,43,27.23130391,94.96500467,4.52499886,99.63555429,banana
97,23,45,27.86292267,70.86475519,5.46362101,61.64239874,watermelon
108,23,51,26.84366082,83.85039964,6.106500787000001,40.228644,watermelon
113,78,54,22.935957,79.29998311,7.0167298,117.77173891,banana
115,93,42,24.18432964,95.55635483,6.35824987,15.0,papaya
174,7,52,23.50682469,81.23371666,6.00492153,59.20202899,watermelon
8,29,42,28.89005,47.64490484,3.83271142,93.64210875,mango
10,15,28,34.89858094,39.60116644,6.75359588,86.04820218,mango
68,13,54,26.06434376,79.93041203,6.72914349,53.78800179,watermelon
120,87,52,28.0764455,76.05522115,5.905494703,118.99235729999998,banana
43,44,50,28.42909814,91.41559911,6.23782284,23.36545275,papaya
0,20,25,23.03700424,55.88576937,5.93830232,88.49694809,mango
105,77,56,30.38594189,76.36761442,6.01224727,106.76848146,banana
98,32,60,25.10786346,77.15797639,5.75800171,52.07552796,watermelon
55,27,32,34.78936456,53.76846625,6.44050562,97.60269236,mango
69,70,45,41.83664062,91.47206382,6.24258923,19.24960144,papaya
92,81,52,28.0106804,76.52808057,5.891413895,103.7040783,banana
101,11,51,25.50736962,84.24340241,6.792035575,44.2068997,watermelon
55,56,40,14.0,92.12214569,7.0060419,15.0,papaya
99,78,54,45.0,94.26639778,6.74659729,269.67474744,papaya
75,0,33,27.45652496,76.93896196,3.5,21.75656379,watermelon
6,39,22,32.42311777,54.47353981,5.50780428,102.236188,mango
0,30,29,25.3696757,52.75791381,7.2630908,89.45133226,mango
79,1,31,37.41423361,20.0,3.5,87.26952101,mango
0,17,24,33.401426,41.24497312,5.36684238,87.07985896,mango
16,0,53,14.0,99.0,6.04706224,420.73901457,papaya
0,15,31,28.71693587,54.46014319,5.26590105,95.40256145,mango
35,42,32,26.97008562,52.24788449,6.83975678,98.53219045,mango
107,101,54,31.10895214,79.44855718,6.19133804,103.06035788,banana
99,45,52,30.00594008,80.20355765,6.28903886,117.78052874,banana
82,25,51,24.31334971,87.47409052,6.074209622000001,48.11248366,watermelon
156,47,53,30.04785674,90.73268826,5.71014731,15.0,watermelon
99,69,50,27.09898567,77.69203915,6.07692391,87.80845487,banana
0,16,22,38.64349085,51.90672535,3.5,96.09453423,mango
2,1,61,22.72346137,78.59996046,8.41042726,60.21687762,watermelon
90,16,45,24.92093261,80.61750795,6.291540277999999,50.55710813,watermelon
100,58,50,44.69050692,90.88095941,6.82990799,152.80816772,papaya
50,24,62,25.83385265,78.99719918,6.18609966,55.1996506,watermelon
44,59,54,26.48534467,90.93096925,6.64842502,262.64500735,papaya
92,10,54,26.02433871,74.19341023,6.94493467,53.05260976,watermelon
125,75,26,28.9890403,81.75931923,5.15008326,73.95052595,banana
91,0,31,21.43019749,48.52881225,5.004954,84.36709532,mango
107,71,45,27.40728807,84.15908344,6.12875798,135.91423354,banana
87,63,53,45.0,94.52398225,7.1716954,91.63542927,papaya
18,18,33,26.22787957,48.50005681,6.96090237,91.31008693,mango
14,4,12,21.95984086,52.93119043,4.61110105,86.09966134,mango
84,19,50,25.34777586,83.36436225,6.81016327,38.07338627,watermelon
40,50,48,30.69763908,88.12325047,5.63817822,115.09653651,banana
3,19,34,30.60542443,43.74206941,7.30531234,103.24655525,mango
0,68,11,42.12272769,27.16640333,3.5,83.43679591,mango
147,13,38,28.47264961,93.2047777,6.13216455,33.13748811,watermelon
18,27,26,30.59692957,53.70034591,5.7830357,84.66316263,mango
41,5,65,20.83602619,87.45250268,7.20718167,74.72669567,watermelon
0,16,24,32.16128778,42.23469505,6.82255022,101.27547912,mango
101,10,50,26.04754799,70.46023238,7.19963713,54.41196027,watermelon
5,19,25,27.351105600000004,54.43945147,6.441328044,96.27792547,mango
82,22,45,26.22338015,85.34866045,6.512196212,54.60159289,watermelon
13,79,25,45.0,91.59325394,7.3385348,263.40345132,papaya
93,83,50,30.80739501,79.17777517,6.05622728,123.60129874,banana
56,75,45,26.44266202,94.46814693,6.45537452,15.0,papaya
114,76,69,33.64919496,86.91896138,6.23120037,66.87726997,banana
125,67,55,23.27997558,82.92331377,6.59567233,111.79059578,banana
7,16,26,29.28355946,54.206715,3.54576717,99.85270926,mango
29,21,48,45.0,99.0,6.5566402,266.62009336,papaya
128,86,54,31.01917679,77.0036338,5.89701405,93.95702889,banana
4,28,31,27.3108901,56.98442233,9.0,97.22415106,mango
27,46,45,41.49169591,92.55820941,7.09530562,102.52028713,papaya
4,2,26,27.38867372,50.30499958,4.36372893,106.4737878,mango
49,61,53,45.0,92.74326049,6.79791837,116.22950531,papaya
74,46,47,45.0,90.55536764,6.30919065,260.30824144,papaya
89,83,33,33.17208357,97.16562141,4.84116942,133.21513654,banana
53,55,55,33.32315744,91.25271223,6.709668804,234.496633,papaya
73,62,50,25.03578384,75.87901834,5.07419255,152.25612113,banana
49,54,50,25.62446619,93.18240298,6.762522087000001,97.26336657,papaya
0,40,37,27.28257587,57.65030905,8.37551743,86.48446964,mango
37,71,52,45.0,90.4023352,6.81063181,22.76820965,papaya
136,15,46,26.95379092,85.01445937,6.66980549,62.97695317,watermelon
0,43,23,22.13270947,51.23532628,6.58580325,87.86848383,mango
59,62,49,43.36051537,93.35191636,6.941496806,114.778071,papaya
118,77,58,26.41089041,82.87070644,6.07870132,76.69818626,banana
119,90,48,28.66725136,79.59242542,5.986442306,118.2583441,banana
92,75,45,29.01207743,77.95192527,5.674403358999999,90.43495443,banana
120,95,45,22.20992659,84.09790591,5.59455853,112.51773856,banana
83,95,50,26.51682337,77.79913575,5.50947065,108.8547508,banana
17,78,22,14.0,28.51156503,9.0,94.10233433,mango
32,54,46,34.74028234,89.92530343,6.56499197,15.0,papaya
20,42,48,18.56045731,93.57232468,6.42414674,333.60257159,papaya
86,87,48,29.20394246,71.17586992,6.88773969,83.98967818,banana
38,15,30,28.91862016,48.13974548,5.075504537,97.01331604,mango
181,112,56,16.83941708,89.2470686,7.79138937,126.57927342,banana
66,85,51,26.99978256,80.58668574,6.73422555,105.78112414,banana
40,65,49,35.32876402,91.06138506,6.678449317999999,163.9069365,papaya
162,54,17,45.0,91.17852587,6.58855189,15.0,papaya
0,41,29,29.36948839,31.07375645,8.1355011,63.33868162,mango
153,15,57,27.24447761,73.97997535,7.03258831,42.81863657,watermelon
112,103,51,27.58035358,82.85618979,6.20418914,107.58284686,banana
66,42,44,37.5543805,88.03054087,6.86475476,154.69249747,papaya
120,81,53,25.7373028,57.15975108,7.67418306,123.66361354,banana
99,83,49,30.90398182,75.67282871,5.61327429,109.59468391,banana
36,50,43,45.0,95.73745233,5.89456777,66.03954745,papaya
17,31,35,41.39118905,51.94642243,4.06449919,104.751362,mango
85,91,48,26.78242633,79.83547685,5.49580582,103.81734595,banana
62,55,51,45.0,94.66335758,6.85779414,226.2986908,papaya
67,40,52,33.83824664,90.06366799,6.74442199,190.10075859,papaya
100,18,52,26.20234499,80.38266489,6.87606733,56.47941847,watermelon
108,72,46,25.16278237,84.97849241,6.110844721,90.94554618,banana
45,58,49,30.10773379,90.34546355,6.827812549,75.24521981,papaya
0,32,48,32.39225792,89.54923802,6.47433118,113.76517067,banana
111,88,55,29.44795403,78.34971537,5.505393832999999,96.45042585,banana
66,12,16,33.22252032,53.2363179,3.75516854,108.39573601,mango
20,58,62,14.0,91.00320409,7.47859371,15.0,papaya
100,89,51,32.71294805,76.55682685,5.93051205,82.68892011,banana
104,83,60,27.36983221,75.46461069,6.55294702,109.50640393,banana
116,3,56,24.76046563,89.87983844,6.85180638,62.99611169,watermelon
62,107,60,35.687636,56.65667,4.75609262,129.00256301,banana
0,28,35,32.75144498,53.61936399,6.8265837,96.56639878,mango
22,17,26,28.69818144,47.71875722,4.754435025,99.642454,mango
128,82,54,27.06192729,77.65978932,6.33795118,144.39136612,banana
120,39,60,26.46847772,83.91925624,6.30942181,46.6858964,watermelon
84,0,56,25.23729259,86.90122622,6.61180014,49.2903871,watermelon
70,68,55,42.84609252,94.63548176,6.691202286,78.80996390000001,papaya
32,41,30,35.78391557,48.52091445,3.5,100.78427518,mango
0,32,33,23.01279325,53.41650576,4.75036385,84.11463481,mango
129,0,33,26.51207633,94.59880186,4.18000831,39.68133121,watermelon
158,98,31,37.15230831,98.84550856,7.32778422,125.29675476,banana
116,81,55,26.42313317,83.69950440000002,5.915546415,95.12322062,banana
87,40,45,31.08942076,95.09873,6.51713209,113.691532,papaya
106,27,51,24.07204227,81.33140585,6.11956352,44.5146543,watermelon
7,24,31,31.43676145,44.80450528,6.42225133,92.03866923,mango
0,95,57,36.31122928,94.19996844,6.78026603,185.17059095,papaya
58,67,45,38.72382798,91.72514851,6.702424548,62.62377075,papaya
75,60,50,27.64971858,92.58893351,7.40761791,267.78328476,papaya
99,25,53,25.78997597,78.92351305,6.99233354,64.6823749,watermelon
100,10,53,24.54356968,84.60808277,6.211748957,42.00660251,watermelon
70,23,54,25.79671962,81.5237135,6.27351046,46.68003845,watermelon
29,65,60,34.84236449,93.39748009,7.10966874,357.3201377,papaya
85,82,55,27.38114928,81.46646557,4.95503198,90.7392385,banana
79,33,43,27.04533835,90.82638856,7.73012472,55.34904384,watermelon
121,112,59,27.35923744,76.31632536,6.34620375,128.39858766,banana
124,80,59,21.474044,86.93276805,5.39505303,37.82171711,watermelon
57,24,57,28.00742846,76.18771753,6.56161399,56.42536635,watermelon
96,44,53,23.08659733,92.1570725,7.1456534,371.43506535,papaya
20,29,20,34.18430523,49.89301883,3.87951294,92.39535878,mango
0,31,32,42.28481963,51.74406002,5.02407312,102.52371041,mango
120,24,47,26.98603693,89.4138489,6.260838965,58.54876687,watermelon
50,57,49,35.68362109,87.71541414,6.5410259,15.0,papaya
50,59,47,40.76998685,92.09278584,6.747975732,209.8678411,papaya
117,58,32,28.52714516,84.98660045,4.72961192,122.84014342,banana
100,103,52,25.64863727,71.50278067,6.15081239,102.35720874,banana
66,53,52,31.25442604,94.31783008,7.0163756,123.43263215,papaya
129,73,31,30.09800951,99.0,3.63271486,35.96487414,watermelon
105,14,50,26.2148837,87.68839820000002,6.419052193,59.65590798,watermelon
87,2,48,26.71682149,77.87102815,6.93031443,48.45770087,watermelon
0,18,40,38.36972385,20.0,3.5,64.85493923,mango
74,41,59,32.78145952,95.5377179,6.37936786,15.0,papaya
73,75,55,14.0,92.25586677,6.94609954,15.0,papaya
104,73,46,29.1400919,80.1190228,6.28236237,90.45142867,banana
0,36,66,27.48343856,73.83954228,5.23735925,44.83865703,watermelon
103,0,45,22.69228075,87.5531296,7.26774932,70.17463693,watermelon
25,52,53,39.50704443,93.54440919,6.67498158,285.37116225,papaya
30,28,30,31.86641378,52.19331595,5.064613314,98.46768642,mango
64,78,52,28.06593692,79.52749733,6.17019528,114.68289899,banana
101,30,48,38.04972499,80.46564809,5.788714,104.90121778,banana
89,25,54,24.69368934,85.56967628,6.353107392999999,48.99390828,watermelon
23,56,39,45.0,94.47957141,6.34479666,147.90121224,papaya
27,6,45,38.39956324,61.69999709,7.86900242,99.18280315,mango
24,46,58,35.0334773,93.94895268,6.68023247,129.00522185,papaya
84,82,49,34.54797569,89.3182228,7.51347951,91.18803403,banana
154,81,57,24.2824788,76.37632003,6.56216353,131.84708019,banana
18,52,64,39.09863478,20.0,3.5,94.47101423,mango
89,24,57,25.89224441,85.7909121,6.23441391,74.08526299,watermelon
55,58,46,36.6982038,89.29051631,6.95705891,15.0,papaya
117,72,44,24.65536738,83.75813955,5.6889393,112.85165754,banana
101,10,47,25.5421695,83.31883376,6.936997681,57.57343233,watermelon
107,102,60,26.16292721,82.24181304,5.36326688,87.74349438,banana
105,68,46,45.0,92.53909099,6.99721464,438.92948268,papaya
83,71,31,21.99702241,74.56280098,6.54476988,118.66920229,banana
120,72,42,28.89033637,77.38250905,6.29270423,70.97043143,banana
25,38,44,23.44449216,95.39928729,6.53725232,251.65969359,papaya
207,38,26,31.65232154,52.09723896,8.06169589,95.53189461,mango
136,13,57,25.82482655,85.076496,6.7322779,54.29443454,watermelon
81,21,46,23.8602913,82.12163039,6.71712521,26.41473715,watermelon
100,76,45,25.56703012,75.94067692,5.590236025,102.7867717,banana
51,73,41,15.77224889,95.26926406,4.13507808,159.53714761,banana
4,23,28,30.04911791,54.90658957,6.151557,96.34350826,mango
0,49,46,45.0,91.15330733,5.53932473,374.36494222,papaya
101,0,17,15.25958442,40.29113222,3.5,91.93973462,mango
98,105,54,20.54723978,64.882197,7.77355697,121.67645153,banana
53,28,52,24.57105982,93.6811738,6.40509615,50.78702931,watermelon
89,91,55,25.08347445,80.26173100000003,6.275572297999999,94.32961456,banana
118,80,39,28.63104871,68.03074636,7.15518833,149.18728969,banana
98,47,29,45.0,62.84006362,3.5,87.10036074,mango
53,68,55,22.63792814,99.0,7.24382419,15.0,papaya
155,21,42,24.84591845,94.98884729,7.02772044,91.84260186,watermelon
121,94,48,27.81556212,85.21134499,4.99431564,107.40224814,banana
33,31,34,31.32995611,50.22287593,5.421265282999999,89.78216168,mango
10,34,59,26.69703063,96.45056012,6.7820262,15.0,papaya
97,78,52,24.44069392,83.89962588,6.31055047,117.01225311,banana
9,28,31,24.027303,42.23950543,4.09216039,98.88005363,mango
82,68,42,14.0,90.08943356,7.0208885,15.0,papaya
103,17,51,25.11189154,80.02621335,6.209888345,44.20656987,watermelon
113,99,53,22.0040042,87.07543367,5.70400657,109.68099643,banana
23,22,43,36.47185992,47.957011,4.53983776,101.54969167,mango
120,14,45,28.22078658,86.4574599,7.34191482,42.38017041,watermelon
39,65,53,35.33294932,92.11508608,6.560743092999999,235.6133585,papaya
131,24,51,29.81728921,78.50460263,5.81814416,15.0,watermelon
18,44,22,33.59111305,51.77532181,6.59314151,95.61105908,mango
48,0,32,26.50538497,54.84687924,7.9257024,92.07391996,mango
33,36,66,24.6669555,92.06650054,6.68386251,16.11590993,watermelon
27,76,61,45.0,92.23374234,7.24193766,110.64417359,papaya
111,20,48,25.21092103,77.79865919,6.43977403,44.38234367,watermelon
0,0,28,32.03368861,64.68088645,3.5,76.10651854,mango
69,64,45,29.97037189,68.44463222,6.52726432,113.74027258,banana
24,23,37,29.0444538,45.26148599,5.64208545,94.90539584,mango
95,19,60,24.90292782,78.84879383,6.91877748,59.9846116,watermelon
66,69,47,23.69212243,93.61055571,6.912299695,87.53393983,papaya
92,21,48,25.81692236,82.043255,6.377427122,54.82963379,watermelon
88,41,49,24.10571605,99.0,5.17061181,71.44265183,watermelon
1,30,29,28.33333307,51.39586505,6.4341977560000005,91.67241761,mango
88,78,45,29.10403455,79.19588629,6.324270089,92.07835761,banana
0,42,37,23.36927751,53.41961292,6.84125442,96.06604978,mango
64,32,19,31.31707189,44.24142271,4.44065501,97.58689775,mango
94,76,54,25.17446271,78.90966285,6.17720469,115.30438102,banana
0,54,54,45.0,99.0,6.32130246,483.93109364,papaya
1,44,23,28.10342985,51.87503994,3.5,90.66126876,mango
8,37,33,28.07802689,54.9640534,6.128167757000001,97.45373619,mango
112,25,51,25.04746944,85.5667282,6.932537231,56.72496677,watermelon
73,114,52,29.2791304,72.94816505,5.28167109,112.36014555,banana
167,28,76,32.46191543,88.83133754,8.90221257,17.62919661,watermelon
0,1,46,35.43199701,39.69203618,3.82172931,75.16859206,mango
141,36,45,27.36242389,81.98617205,6.86043806,49.48458989,watermelon
2,35,20,32.82294862,57.65939679,6.9924211,98.95675928,mango
104,100,49,31.8950521,76.49383541,5.02045773,125.39938707,banana
165,40,50,25.17879068,77.10819728,5.70435818,149.45617731,banana
15,27,28,33.80398664,46.12866113,4.507523551,90.82549241,mango
84,11,57,45.0,96.74597019,6.9539711,271.01293655,papaya
96,55,45,42.57137801,94.23467999,7.73703094,314.51242999,papaya
82,109,61,27.16718151,84.1612719,5.51339553,80.45780934,banana
121,18,43,23.84301815,85.62255525,7.04067015,53.45251821,watermelon
99,5,47,24.13078816,84.84494575,6.649086972,51.19470197,watermelon
50,65,56,23.33655206,71.95088223,5.69187888,86.65817481,banana
34,65,47,23.48546973,93.71043692,6.833768535,191.7760562,papaya
75,100,50,26.62244729,83.30270062,6.14485124,106.92655579,banana
78,0,39,23.75980683,85.39129722,6.67976507,55.24258596,watermelon
39,69,53,25.9300384,93.02357765,6.964955435,241.8202079,papaya
81,63,34,14.0,85.29271571,6.60067977,15.0,papaya
43,7,31,32.58171903,54.56734825,5.41311521,90.91691892,mango
36,61,59,45.0,90.44000934,5.61471501,227.22495838,papaya
66,54,61,19.52052799,69.15330441,8.38986062,120.65960346,banana
40,16,35,31.89356292,49.02450149,6.4841522000000005,89.59371481,mango
90,61,47,19.39495962,89.06310476,6.81413278,48.71392202,banana
119,0,80,25.64336021,87.61606194,4.78613349,45.508255,watermelon
104,153,57,33.75548846,77.35732188,6.78798572,88.40692909,banana
15,79,50,45.0,88.22069789,6.90454393,15.0,papaya
0,36,26,34.13072188,51.25786185,5.101206389,96.38808001,mango
102,0,41,26.64221207,90.51822822,6.59886976,65.82033449,watermelon
42,62,53,24.25002156,88.47237575,6.21849825,305.03142553,papaya
119,89,39,24.04155043,70.59172042,5.52877343,30.12006783,watermelon
15,45,50,32.95215574,87.18420014,6.52220887,115.11794975,papaya
83,23,55,26.89750174,83.89241484,6.463271076,43.97193745,watermelon
31,21,23,31.57157018,53.58985662,4.50521953,92.75342044,mango
29,0,36,17.15320887,51.03518516,8.3477178,106.3336559,mango
150,147,76,32.79221459,80.75515784,5.81806797,89.28510471,banana
0,92,27,45.0,79.76595382,7.44866581,235.77800118,papaya
30,60,54,34.67924607,90.80642853,6.72663655,114.83815261,papaya
84,80,41,28.18512646,82.61246736,5.27554652,97.82773831,banana
43,41,60,17.39332986,93.23063374,6.34421582,416.64552677,papaya
28,27,34,32.45465292,50.69693751,6.526654345,95.04871605,mango
29,65,53,25.29063866,96.88555582,6.85979035,209.63873085,papaya
31,48,45,40.78881819,92.90951393,6.563134737,132.7923586,papaya
103,85,52,30.98548582,78.64464313,5.44243198,77.04234266,banana
30,27,31,30.9384507,48.42074335,5.02103062,90.48269428,mango
0,29,23,23.59274169,48.24793297,7.23279041,112.63651222,mango
24,44,20,19.92243109,61.50839525,4.49953706,44.50319667,banana
14,18,30,29.80747243,52.13797867,5.191265116,95.74606104,mango
97,85,52,30.19463215,83.42622068,6.00578704,111.98257951,banana
0,0,24,32.36736834,26.81256091,7.89246437,84.38153114,mango
83,10,53,24.92994759,85.00802358,6.195142279,48.75859458,watermelon
117,53,46,19.41180043,86.14365848,4.65329397,15.0,watermelon
96,72,51,28.19313967,71.20028565,5.83676637,117.01589939,banana
101,32,40,27.67259464,96.73733202,6.12801807,68.06939376,watermelon
78,88,54,26.40319874,79.76679117,5.54031131,90.19354217,banana
84,72,48,33.10598123,77.25907761,6.20659132,104.86569045,banana
24,17,33,37.86950531,44.7929624,3.5,89.59476832,mango
48,48,49,21.38461006,94.44945029,6.44070556,15.0,papaya
154,0,57,24.79628752,92.38862108,5.98990827,77.36872272,watermelon
33,18,50,25.77322515,91.10580969,8.72507334,85.78113473,watermelon
0,43,27,45.0,58.16680257,5.77046341,95.70781779,mango
97,78,51,28.99729757,84.61832068,6.69172515,129.06185855,banana
115,27,53,24.71167395,89.7451252,7.05163682,41.32343692,watermelon
63,58,50,43.03714283,94.6428898,6.720744449,41.5856585,papaya
14,36,29,29.96648993,51.9744644,6.65831426,85.74936153,mango
84,27,50,14.0,95.05419807,6.22706273,15.0,papaya
100,80,52,27.53911354,77.25629897,6.049801781,110.3262123,banana
93,108,55,26.94313602,72.47987152,6.63464721,130.52604114,banana
44,54,84,38.80299062,94.60475054,6.58944808,231.69612759,papaya
70,13,53,25.07956023,88.43308392,6.26401102,50.66372009,watermelon
114,8,50,24.74631269,88.30866319,6.581587932000001,57.95826144,watermelon
26,24,34,31.27180992,52.23810152,6.811291098,89.74409017,mango
85,67,63,25.43219519,84.54866004,6.59171079,73.68362914,banana
97,55,55,29.55951406,89.6951334,5.77059542,132.29190929,banana
4,20,25,28.93270187,47.94053996,5.664587011,99.9834242,mango
114,21,55,25.4438391,87.93923120000002,6.472756256,57.51549686,watermelon
59,65,62,27.4547398,93.24558911,7.27384389,40.86674671,watermelon
27,97,68,14.0,78.43014101,7.34822089,487.8945097,papaya
124,91,51,21.32916078,75.56218843,6.01675562,113.7722607,banana
33,21,34,24.48591075,51.99024248,4.51851356,88.55233207,mango
101,0,47,24.44813908,87.97476471,6.22894477,31.22183368,watermelon
146,0,90,18.90715126,85.68809291,5.63427445,19.79493921,watermelon
105,84,49,14.0,99.0,7.8198171,54.4655174,papaya
119,87,57,25.96536855,71.95024138,6.2353533,82.57234121,banana
88,5,47,25.86475496,86.67468041,6.662244646,41.16554802,watermelon
18,55,30,14.0,99.0,6.6024935,287.83600706,papaya
15,27,17,20.7803347,54.50739362,7.84726948,102.86570627,mango
49,55,51,24.87212063,93.90560147,6.676578778,135.16945249999998,papaya
125,31,46,25.41838545,82.68694078,6.7909727,71.07328301,watermelon
34,33,57,45.0,91.58372497,6.46047506,105.09753365,papaya
47,46,24,18.67625157,44.20707107,6.52454868,108.23932423,mango
69,98,56,14.0,92.62834431,6.586189,467.48359383,papaya
136,89,47,26.67904473,77.9614873,6.22947757,122.30587623,banana
56,80,58,40.82943565,91.56377377,6.71087005,185.17856105,papaya
23,55,49,31.25219837,94.53316766,4.7037306,69.8905424,banana
103,0,57,27.48168666,83.74773419,6.14205195,54.60728891,watermelon
101,3,48,25.35777339,87.51001528,5.88222936,51.24811338,watermelon
101,31,44,28.33496529,89.18622197,6.47027644,20.04749931,watermelon
58,56,40,34.78206971,91.1472605,7.17699548,124.94181542,papaya
92,7,48,26.27520631,86.63249555,6.956508826,54.38748495,watermelon
50,27,73,17.03068424,85.73119336,6.88244769,691.74760135,papaya
47,100,52,19.09140177,79.38688369,4.22638552,186.9858919,banana
132,14,50,22.98672809,79.03594588,6.30518375,51.7675137,watermelon
2,24,34,28.89409382,54.80750249,6.472774648,94.76322976,mango
132,91,47,24.19085298,85.65684452,6.63573596,125.48170501,banana
10,37,24,19.44568842,51.21843199,6.21028899,92.70590253,mango
103,102,58,32.28149711,87.77113211,5.96581737,15.0,banana
95,31,41,28.16509953,87.6698917,6.07160456,47.78406725,watermelon
59,0,55,25.09619275,82.56671534,5.57629039,46.77597635,watermelon
109,34,64,25.00146578,89.91878842,6.22654049,67.39942347,watermelon
38,26,24,24.96255754,53.05556575,4.10952469,91.52951539,mango
104,80,54,27.09062164,81.33506906,5.879119455,110.1331182,banana
34,82,76,26.2561545,82.90049454,7.08634288,575.1730084,papaya
82,18,52,27.46431855,88.8089326,6.60880507,49.14990864,watermelon
39,47,51,27.08670337,90.79126694,6.90198519,222.81024517,papaya
102,3,65,27.92727998,91.01654089,6.37390162,39.99934218,watermelon
118,15,45,24.21495706,84.20576992,6.538006356,48.01138482,watermelon
50,22,48,19.05653532,88.3711769,5.11946405,55.2279176,watermelon
159,40,51,15.28169609,87.94767837,6.70673135,129.89399598,banana
194,15,42,25.27073006,83.3783974,7.49160045,49.93850405,watermelon
106,21,42,25.90144952,87.08125986,6.38318934,21.51110948,watermelon
112,84,45,27.58962694,81.69074178,5.71932873,65.31806645,banana
7,38,21,25.87787793,46.13880874,4.55289755,109.29551702,mango
70,50,53,37.4620912,90.44967809,6.933809742999999,172.3458448,papaya
62,70,35,29.71865207,74.26786594,4.74178296,76.72100372,banana
0,12,21,31.32369808,50.50673362,5.35939596,95.76164226,mango
31,28,51,14.0,94.91806294,6.36438634,272.3010751,papaya
96,18,50,25.3310446,84.30533791,6.904241707000001,41.53218699,watermelon
16,25,32,28.64493807,50.7763598,5.04648803,91.84956094,mango
117,81,53,29.50704598,78.20585613,5.507641777999999,98.12565829,banana
113,76,46,29.59214767,86.8140003,6.698696,99.02415215,banana
102,93,51,27.02790426,87.98239534,5.79116098,110.55474193,banana
132,97,63,30.54060922,87.01138583,6.64458926,104.06920847,banana
0,32,53,45.0,91.34908082,6.8522991,129.97342774,papaya
57,87,49,19.97893441,96.71419001,7.67644495,15.0,papaya
27,46,64,14.87281416,84.70494162,7.28085845,15.0,papaya
26,35,31,33.44619894,53.05980465,5.339556562,98.05089394,mango
0,31,55,14.0,86.52401527,7.30727625,182.5206478,papaya
107,93,55,29.74339145,81.15277995,5.4250184,130.72525966,banana
58,21,30,19.45263202,53.29448942,6.07806012,98.69855705,mango
166,89,46,25.68127759,78.84768555,3.5,56.94676696,watermelon
88,47,47,32.64566656,85.70026888,5.74437183,93.73284017,banana
139,22,37,31.67991733,72.64834035,7.0504986,77.21006141,watermelon
46,23,34,34.74753071,54.46499168,5.73670852,104.53019352,mango
0,16,32,33.03769307,50.70380248,5.23302696,75.1714561,mango
29,30,39,31.64701699,46.22247243,6.13820669,91.96978851,mango
75,6,51,27.32687645,92.46786042,7.12532844,55.40036018,watermelon
0,56,37,15.59941184,69.39442459,4.89833319,80.344913,mango
54,56,39,32.27383341,96.53602279,6.92347351,119.51470664,papaya
12,41,29,32.51252709,45.32979226,5.05427058,83.47840116,mango
64,62,42,45.0,95.66373893,6.46412208,84.93101737,papaya
80,71,47,27.50527651,80.79783998,6.156373499,105.0776992,banana
37,38,28,27.49605241,40.6590036,4.32409679,99.40409753,mango
28,24,55,17.17531418,77.54228678,4.22758107,107.17193619,watermelon
89,91,48,26.66327217,77.99504984,5.77788471,108.76232143,banana
58,27,50,19.50669379,95.05330123,6.83056323,312.20619737,papaya
122,32,45,26.41375518,90.31201957,6.16082848,68.83578152,watermelon
68,50,47,42.42630476,97.42325911,7.23227875,98.59433225,papaya
51,55,56,41.95455344,93.53380429,6.6763446,71.49384431,papaya
43,27,33,45.0,92.50525443,6.8597066,304.97468231,papaya
59,47,53,32.86316618,91.4618874,6.8506632320000005,47.271547,papaya
33,47,46,29.20300896,93.96834049,6.839443833,209.4083305,papaya
123,63,56,26.38689677,75.20499703,6.2055444,107.127468,banana
68,62,50,33.20258348,92.76437927,6.977700268,197.5282582,papaya
91,24,55,26.27061608,83.09194521,6.259086582999999,46.76837499,watermelon
137,4,43,23.50692827,99.0,5.47045317,41.48087929,watermelon
0,32,36,29.73507643,43.88814378,4.85881454,101.11836905,mango
7,56,20,17.68597394,47.72031591,3.5,100.6276196,mango
88,63,51,26.3018048,92.53473288,6.50848265,24.01491211,papaya
154,14,54,25.54346907,86.55029842,6.35130879,55.15239975,watermelon
45,48,45,16.46695832,90.99510072,6.90861997,151.88577816,papaya
81,73,35,27.53667736,71.41529267,6.45363555,97.25197533,banana
0,30,10,14.0,59.45956586,5.32801371,111.76334212,mango
0,43,55,23.39191269,99.0,7.56853521,25.49805932,watermelon
35,36,31,37.92982198,54.84508259,3.71238003,96.43880498,mango
0,20,33,32.66241029,58.66580894,4.56798964,101.52086233,mango
106,85,53,27.1994597,78.80860679999998,5.91505509,99.72430835,banana
1,0,51,27.18624657,59.30038166,3.5,82.67416446,mango
102,88,48,27.01032653,88.85451117,5.58688258,104.67617571,banana
105,72,43,24.70476311,74.13476912,5.39803695,116.20568017,banana
105,6,21,24.03920036,91.03794331,6.52207741,57.86524654,watermelon
56,57,48,31.56213762,93.0484859,6.506120752,63.62250788,papaya
91,13,49,24.60505595,88.68387199,6.63216468,51.6661928,watermelon
100,90,54,29.81904642,83.83821846,6.52327872,103.38613086,banana
16,4,33,33.35474425,53.37338439,6.39930891,95.24478874,mango
189,38,29,21.57051543,91.1555379,7.20856886,28.1107924,watermelon
53,25,34,25.41272479,48.84710134,5.11393187,96.5606126,mango
48,62,47,25.34756111,93.02871078,6.803094965,174.40123369999995,papaya
101,92,49,24.61329666,76.44797576,5.58272554,75.39556728,banana
103,0,43,23.77777962,85.50767277,7.01000464,59.80390266,watermelon
90,93,60,27.03052636,86.71998104,5.09337139,79.87332802,banana
30,42,45,45.0,84.57597579,6.14716942,436.44712433,papaya
77,23,83,18.74699902,99.0,5.39141298,41.93808593,watermelon
107,10,49,25.83202912,89.00481725,6.755192025,45.24690619,watermelon
25,64,47,45.0,94.36744292,6.6836186,261.40207168,papaya
58,60,71,26.18746669,64.6140577,6.80051611,88.5669566,banana
51,9,36,40.93726031,50.07775024,6.90070891,99.17048243,mango
106,5,35,23.89944292,88.98562578,4.21600419,21.02653394,watermelon
21,82,41,45.0,92.58933854,7.44062096,15.0,papaya
87,32,23,36.52575405,40.52830276,7.94331269,75.11664455,mango
108,88,55,26.28845991,83.390039,5.891458107,113.8729798,banana
49,55,53,38.4418717,93.63739039,6.544029776,77.71566883,papaya
31,68,45,42.92325255,90.07600528,6.938313356,196.2408242,papaya
136,92,62,31.51837572,83.39072395,7.07410348,74.78297964,banana
20,19,35,34.17719782,50.62161586,6.113935087000001,98.00687989,mango
44,30,63,24.2873598,68.71922207,8.89230846,43.42871699,watermelon
36,25,33,27.98392787,53.33018851,5.548584852,99.61465679,mango
67,13,36,23.62098362,77.54888921,6.64870732,56.77855286,watermelon
97,57,23,18.78924004,99.0,4.45283842,40.59735864,watermelon
1,45,21,36.13984161,53.18145067,4.80829337,97.31595115,mango
111,0,61,30.18415198,88.45171472,6.73890936,45.54594887,watermelon
3,28,33,30.33723921,48.88704844,5.755049971,94.42850522,mango
78,12,25,29.95641431,48.96560417,6.06237609,75.03234892,mango
129,0,54,24.29893672,84.44467243,6.93649708,49.1020667,watermelon
21,33,49,14.17599534,91.68351047,7.01122342,183.07448969,papaya
0,0,27,37.0820006,48.50409507,8.32362955,95.36224865,mango
65,105,50,27.48141802,86.0930042,5.22002609,119.56247427,banana
123,0,71,22.51857673,47.38228831,6.23607854,96.86734344,watermelon
142,82,54,27.30337139,93.39072436,5.55673001,46.49871981,watermelon
69,109,31,43.2045505,93.06817039,3.59282518,85.35523822,banana
118,105,51,30.52264207,69.91730709,6.54695445,126.51691063,banana
0,84,47,45.0,91.8181281,6.99713769,324.66011267,papaya
66,31,1,33.33617841,54.11568086,3.5,103.4018719,mango
34,69,51,45.0,90.54587544,6.1472661,403.63440431,papaya
77,71,52,27.38586626,80.0983627,6.23948748,138.31492027,banana
94,89,48,28.55980972,84.51602322,5.653437902,111.0843029,banana
18,59,51,29.88004252,92.0955714,7.10259205,306.62555614,papaya
47,55,39,36.26716611,87.81098034,6.45002489,128.16304265,papaya
131,15,39,24.99867667,80.16260664,5.52979107,26.64308934,watermelon
52,72,41,45.0,96.18708266,6.67553001,129.77469178,papaya
22,53,43,34.35594484,93.11032273,6.42944321,93.297412,papaya
0,79,10,14.0,94.19454783,5.80000478,178.52033562,papaya
89,73,75,28.4978363,76.26564716,5.81259402,140.53744634,banana
85,23,40,26.03632031,99.0,5.32950605,51.42476819,watermelon
28,58,55,27.18231972,93.21778968,6.46854745,77.23206403,papaya
145,77,47,39.24270753,60.36879197,7.02888645,87.57516187,banana
54,72,50,16.94924297,90.56699491,6.69740008,281.17641425,papaya
0,59,36,14.0,76.8445134,6.96781062,146.04842391,papaya
67,17,52,24.62289147,91.88298971,6.9224476,52.7082127,watermelon
28,16,23,35.58410503,45.89967881,7.85363442,101.11141601,mango
105,88,54,25.78749808,84.51194224,6.020445317,114.2005455,banana
93,83,46,29.38254012,83.50423735,5.765308943,109.2486647,banana
114,95,45,28.32160269,73.76465801,6.01711622,96.21697897,banana
98,26,43,28.57391859,90.41436632,6.3686147,33.76792321,watermelon
170,0,14,22.29014556,97.50652504,6.78887637,41.14846678,watermelon
19,0,34,31.66613387,51.70923003,6.22400828,95.68885859,mango
202,65,44,25.81278081,74.60221566,6.7194745,71.11490007,watermelon
102,61,49,22.4950459,77.32986879,5.25976825,97.63173982,banana
103,14,53,27.12582987,86.98840429,5.66308139,61.8797591,watermelon
0,5,26,30.59752648,42.7005879,4.92725654,96.63676394,mango
65,0,31,23.84943242,88.43671933,8.22829116,25.30267462,watermelon
80,85,48,28.17630272,77.16582913,6.2461843,137.64899041,banana
80,26,55,24.53442564,88.989272,6.140099215,49.11618732,watermelon
12,0,31,45.0,44.00095339,9.0,94.32086191,mango
49,56,52,45.0,92.67332361,7.03796691,15.0,papaya
73,44,55,27.86060746,73.37076437,6.58479235,151.02108933,banana
52,51,53,38.38231475,93.10378595,6.985804083,210.2735346,papaya
69,78,41,30.75988115,69.38969296,6.71512349,110.22781977,banana
71,57,58,23.53504825,88.85892125,6.4730619,57.37248813,papaya
84,92,47,29.08654547,75.41345754,5.43240495,93.83736948,banana
31,20,30,32.17752026,54.01352682,6.207495815,91.88766069,mango
91,62,47,28.90121578,84.21398938,5.64850067,95.64764182,banana
150,60,50,45.0,43.24215877,4.42569673,64.89350804,mango
110,84,45,29.61233452,79.11324112,6.20061316,120.91178564,banana
78,59,46,26.72246704,76.18928396,5.96401384,102.76766773,banana
38,68,54,29.33710543,90.81781439,6.739170045,202.0572747,papaya
38,39,53,23.03542111,94.40005018,7.24807023,505.14212565,papaya
105,64,71,45.0,99.0,7.56346951,168.78647854,papaya
23,25,34,40.23873711,48.33061161,4.32612398,87.25128509,mango
117,86,53,25.19640218,83.55829874,5.703381727999999,115.8586081,banana
21,35,25,32.62727591,50.65609937,7.13963201,105.48292915,mango
78,71,34,21.57759881,70.15766381,3.5,82.58337656,mango
85,22,53,25.96534238,89.77076659,6.849471704,59.46338556,watermelon
115,5,47,25.07770706,83.89742973,6.74923282,49.83741462,watermelon
116,82,59,26.94987455,84.56815229,5.45960614,123.86926719,banana
19,26,29,25.29545364,52.25312547,5.41274028,86.98353183,mango
1,35,34,30.79375683,46.69536813,6.27339822,92.21318555,mango
0,55,3,45.0,29.08459784,3.5,90.28805391,mango
77,25,60,22.94051828,86.35306676,7.20051463,43.01696025,watermelon
49,58,42,36.95952711,89.22518644,7.14662331,49.4116391,papaya
118,21,51,24.42998931,86.33904774,6.678805092,48.58241822,watermelon
66,92,50,30.66194293,83.41580989,6.87736047,94.68506352,banana
78,29,46,23.753636,86.02680202,6.54641089,34.41357829,watermelon
38,67,58,14.0,94.60994606,6.30270865,373.67734847,papaya
73,63,42,35.99746144,91.53579487,7.24331934,15.0,papaya
95,94,47,28.81200066,75.81760128,6.65818406,112.99695071,banana
157,4,49,27.01646558,75.27345696,7.26175777,51.37225841,watermelon
114,94,53,26.33544853,76.8532006,6.190757458999999,118.6858263,banana
39,34,20,35.89334748,55.75205745,4.32339287,96.83601021,mango
17,42,37,27.71350473,44.08209422,6.44561912,97.41396633,mango
32,55,51,29.60718808,93.15642801,6.57398033,62.68710535,papaya
107,69,52,23.66706155,83.4441676,5.60844009,88.2731423,banana
29,10,55,26.13398982,99.0,7.38944922,23.26963088,watermelon
0,41,40,16.95408039,60.69843687,7.68685945,89.0198208,mango
95,88,52,28.00316034,78.90085998,6.235461772000001,94.68180316,banana
32,73,55,45.0,96.52625584,6.42041853,15.0,papaya
33,50,36,34.61742257,47.5606769,5.76833985,88.58249065,mango
166,56,52,28.17471294,64.45455668,6.96320552,72.26847924,watermelon
75,46,67,45.0,92.17971599,6.96612773,379.20007026,papaya
97,22,50,26.26028739,86.14585891,6.769893799999998,58.97878791,watermelon
32,50,55,37.72227801,93.74581606,6.5939725,272.47328737,papaya
57,37,23,18.12904215,84.40376607,6.57629982,294.01464756,papaya
111,38,57,26.05674817,85.60607877,7.23462254,33.57091652,watermelon
48,53,55,17.29332996,95.28503857,6.6666782,80.27436148,papaya
13,39,22,34.40244745,57.74433895,9.0,97.82995146,mango
110,83,60,25.04407879,79.65822872,6.63662659,114.0439251,banana
106,94,46,29.46658273,69.48928244,6.69457229,107.61700079,banana
0,0,36,26.51943798,65.8045098,3.5,82.37838322,mango
93,72,51,45.0,79.79497972,7.50169201,105.63144943,papaya
134,93,62,14.0,99.0,7.33203862,486.0705544,papaya
115,73,53,27.86172087,78.66742846,6.10449394,84.46257797,banana
118,88,51,25.44926208,79.49221962,6.201911642000001,100.6619171,banana
83,41,48,14.0,93.65623564,6.84018236,110.94448184,papaya
105,74,45,25.14517635,81.38204104,6.098369122,119.218154,banana
116,25,14,45.0,46.25213329,6.24271078,120.95129905,mango
43,149,89,32.16817988,78.75823389,5.61237416,32.23479735,banana
73,36,42,28.71437388,86.4356845,6.46454069,455.21405101,papaya
32,55,52,37.58899717,91.99740365,6.967759599999999,159.6577388,papaya
91,21,50,24.33528185,81.44030363,6.762030215,48.32113628,watermelon
89,3,42,26.27156624,74.7467642,5.78140523,37.75541365,watermelon
102,69,49,25.19572395,86.75779605,6.27045961,116.70949075,banana
35,60,55,29.2941965,97.07763028,7.3283994,244.02484279,papaya
96,114,49,19.92494756,56.11171532,6.65993036,120.74016889,banana
126,67,32,36.09822085,94.79609867,7.80498722,172.95575617,papaya
45,52,68,16.81420393,99.0,6.53124757,204.75053308,papaya
70,68,45,33.83508569,92.85470152,6.991626158,203.4044028,papaya
118,13,54,24.41311871,89.81574032,6.039584629,44.07843475,watermelon
103,89,59,30.46155237,85.68251758,6.73774487,89.69674796,banana
37,50,47,45.0,94.83943878,6.45247117,85.64723521,papaya
20,9,28,14.0,94.413166,5.59016263,405.41997147,papaya
92,73,51,30.78362964,98.4130827,5.21906001,59.28697141,watermelon
44,10,30,29.57972467,49.87602224,6.61784569,95.17607555,mango
44,37,57,45.0,94.7107565,7.12581838,449.89059111,papaya
73,77,48,25.19406756,86.58242094,5.45111883,93.28289055,banana
84,156,32,14.0,99.0,6.40580447,191.57484909,papaya
25,25,65,45.0,97.39582096,7.75381115,381.1502367,papaya
0,39,31,37.92358106,47.94884432,6.35109925,97.22541837,mango
0,81,54,36.525579,88.63719545,6.52630349,174.59738993,papaya
224,107,58,37.13249984,76.03888881,5.85847491,71.39147261,banana
0,39,33,23.7818209,45.20924604,5.64974407,91.65709711,mango
81,18,50,26.44019475,80.91934337,6.507110986,47.81847573,watermelon
52,0,23,38.62722136,43.52346781,7.17233073,85.78533714,mango
97,8,52,24.9103226,86.97190046,6.237861736,49.48575692,watermelon
3,25,28,41.37892448,54.25056533,6.10004295,101.65567731,mango
120,97,43,25.49599639,85.44140098,5.64144314,108.42254608,banana
130,66,70,29.72775339,81.32846751,6.35572602,124.52296016,banana
2,60,42,28.98546053,53.38779134,7.79841277,76.49033094,mango
69,69,54,45.0,93.4861975,7.11417474,196.11276006,papaya
101,158,50,29.25276712,64.77156428,5.70842276,47.016222,banana
94,36,43,30.11790873,83.13644933,6.19552159,42.785596,watermelon
55,75,53,23.4331689,89.83055323,7.00697668,228.89338238,papaya
104,87,35,45.0,90.12192215,7.48529866,15.0,papaya
136,5,59,26.32426564,89.44396415,6.69635051,56.5420654,watermelon
73,90,51,28.17155215,86.33051018,5.53298952,138.12967444,banana
71,72,48,43.17766387,93.45324324,7.19478223,294.17454006,papaya
95,60,50,26.11496096,80.13902774,5.79934553,89.01589036,banana
0,55,13,39.39854676,40.43474041,4.07622174,85.39583541,mango
62,58,50,41.17610059,96.85649176,6.95015997,34.66922894,papaya
127,9,44,26.08980969,88.98930955,6.59086108,66.76550484,watermelon
69,43,43,30.00111243,95.63372107,6.63383028,72.79211839,papaya
130,30,42,24.40265631,78.39839049,6.20283099,37.24031741,watermelon
91,19,38,23.15204719,81.84439905,6.62420856,46.84653454,watermelon
115,78,40,26.67623992,88.06526074,6.22099069,108.94776511,banana
82,78,46,25.05802193,84.97323747,5.738678895,110.4408803,banana
10,59,51,45.0,89.6311637,6.70833489,213.18667867,papaya
47,74,63,31.06110337,88.39478528,6.60430904,278.42740712,papaya
119,30,49,25.35794749,80.45846265,6.903020221,47.72078245,watermelon
89,33,49,24.248038,83.38089759,6.25014433,28.50316702,watermelon
78,80,38,27.62977202,79.51837414,4.88998999,93.01419509,banana
77,0,63,24.90624873,73.06056615,8.04599061,46.1405575,watermelon
38,58,58,31.71330342,95.05936716,6.99873091,15.0,papaya
37,38,32,28.75047678,53.01984062,5.97337432,88.58127556,mango
86,9,47,24.78218191,95.16645396,6.62657997,53.72775058,watermelon
89,51,51,45.0,94.9579895,6.52606617,35.62770859,papaya
0,40,38,27.752363,49.75557639,6.56195848,95.31683445,mango
111,63,49,28.01195097,82.81747853,4.72008301,100.208366,banana
80,84,56,25.23427897,82.02299354,6.40334424,94.21324681,banana
117,17,38,21.11233821,93.46642531,4.65252601,92.16755708,watermelon
58,55,47,26.05375792,93.69111672,6.7424900270000006,240.6863901,papaya
49,69,26,14.0,92.09569377,6.44216181,601.91128688,papaya
76,79,50,29.89640417,83.60794028,5.77544059,98.5817144,banana
93,91,47,27.84767901,83.31110751,6.101241579,117.2878912,banana
43,21,25,34.08945225,54.81046238,8.00514285,100.90147386,mango
78,34,49,28.64099867,91.2768676,6.59572335,15.0,papaya
91,75,56,24.83713348,78.74220207,5.70279062,96.03091344,banana
98,32,53,25.06395207,85.25404724,6.6601812,34.99540082,watermelon
54,72,50,35.6408856,90.89833639,6.27214341,37.47688558,papaya
6,16,30,33.95811765,48.43210663,8.95699943,85.03750931,mango
60,4,50,24.87743217,79.98335801,6.93598581,67.57267844,watermelon
63,62,48,31.30632199,93.18513955,7.08369966,82.48878465,papaya
60,57,51,40.31005528,91.91337633,6.50543525,143.77078949,papaya
148,0,37,23.96151834,66.78989224,6.42999847,51.97913031,watermelon
119,7,45,23.20161933,82.70103769,6.3968766,54.13504247,watermelon
113,3,21,31.72472943,46.43149292,3.5,124.07667291,mango
60,58,51,42.07213781,92.92203105,6.840802254,165.7412972,papaya
98,89,39,25.70475051,82.33484956,6.51442415,99.20959768,banana
38,16,26,37.79750677,53.3810405,5.90355674,100.57596996,mango
23,58,58,39.98106322,88.60544725,6.5847017,15.0,papaya
98,138,20,34.16338409,87.08549074,7.5196031,53.45017578,banana
21,21,22,29.42963241,52.77997721,3.5,102.53466751,mango
28,39,32,27.90714768,47.17244663,6.47921528,81.99803202,mango
34,48,48,41.04224355,91.37258067,6.805277038,181.527598,papaya
96,86,51,29.90888522,76.98740841,6.257369799,91.99964712,banana
40,0,63,27.01799608,89.47835303,5.87904164,64.91867517,watermelon
43,51,49,42.42255552,93.53874262,6.62809386,328.5107655,papaya
67,49,38,25.37737647,94.18960904,5.93351263,15.0,papaya
88,96,56,28.8499581,79.93147419,6.02995704,124.63158386,banana
101,17,55,24.37118217,87.1269128,6.451499763999999,44.63907691,watermelon
116,16,50,26.23773629,90.46016095,6.47994618,48.91704273,watermelon
105,88,63,23.04485802,76.68392122,6.72865564,106.59716796,banana
77,107,38,28.85835738,84.13009097,6.51485213,123.00329325,banana
135,8,50,25.58959269,92.67572018,5.98635814,55.34534104,watermelon
96,77,49,24.41676363,88.53717088,6.4227977,82.90179863,banana
31,26,55,45.0,79.26502418,7.39262805,15.0,papaya
48,86,40,23.9167522,96.45437792,6.88207352,15.0,papaya
57,35,41,14.0,93.8142421,7.02587833,247.0306812,papaya
41,58,54,45.0,88.49559811,6.98548278,217.68629207,papaya
35,74,42,27.64431985,93.11957962,6.26602301,79.58754765,papaya
57,47,56,23.86857245,91.65215693,6.74744087,64.98387692,papaya
61,68,50,35.21462816,91.49725058,6.7932454170000005,243.0745066,papaya
0,19,34,25.1968456,46.60986468,6.46243222,82.85818774,mango
20,55,48,34.606044,99.0,6.67551096,237.62291067,papaya
24,34,41,25.74141341,63.17626733,8.27277726,71.10032442,mango
83,45,53,29.87286405,95.87511762,7.21316388,50.33402241,papaya
0,22,33,18.81929081,60.94389899,5.33741234,92.0049024,mango
56,58,49,37.13165026,94.60761797,6.69215564,172.47880619999995,papaya
34,66,60,14.0,93.53615189,6.45456949,223.39817832,papaya
76,41,67,27.82641227,88.91510654,6.66009566,124.85485892,banana
84,97,42,30.24734973,73.07477007,6.24692167,96.18592869,banana
31,36,29,33.93679864,52.72170281,6.460542749,97.4611918,mango
0,27,57,37.95876239,58.4448645,3.5,57.24533096,mango
30,37,35,32.98953119,50.12546739,6.22548908,105.75503018,mango
119,72,55,25.99069521,83.33983116,6.220643671,112.0777152,banana
28,37,28,32.13409675,50.52559148,6.097869767000001,98.63333684,mango
111,67,62,29.46559846,78.35718676,5.17937696,112.37068537,banana
68,70,54,31.29986342,92.76039164,6.986228647000001,54.77830202,papaya
10,26,26,34.1955839,58.6547711,4.32572079,86.137615,mango
82,97,61,32.1983522,98.10645386,7.1229575,15.0,papaya
91,84,52,29.14827211,78.71024836,6.390741836,117.536781,banana
141,97,49,32.44400868,95.21231468,4.58282003,125.88840195,banana
53,49,51,38.15925021,87.4809599,6.13661571,231.02103366,papaya
102,7,51,24.91463807,93.08001067,5.44220489,52.25755466,watermelon
34,68,51,27.34734861,94.17756725,6.687088097999999,40.35153141,papaya
96,31,41,26.50752046,99.0,5.21956256,46.06444765,watermelon
40,24,25,28.70595247,50.44030129,5.445008416,95.8946444,mango
61,45,51,14.0,88.77324924,6.70506522,222.5102169,papaya
111,57,45,45.0,90.24022664,6.96321041,60.87467124,papaya
159,61,53,23.6227089,75.24850585,6.78754733,127.62917073,banana
61,64,52,43.30204933,92.83405443,6.641098708,110.562229,papaya
0,73,43,33.39857459,95.76225229,6.42476652,70.44273754,papaya
120,7,47,24.24782473,83.03687902,6.653867608,54.76576239999999,watermelon
176,0,44,18.20537742,71.03299793,5.62723493,67.68330877,watermelon
54,43,42,29.91380023,94.18408554,6.80525837,15.0,papaya
58,66,47,25.93217754,90.82913664,7.47299705,111.62943322,banana
0,0,40,20.31684954,57.46666897,5.38023305,82.51701458,mango
0,66,39,22.22985099,53.11155379,7.6253396,96.53218839,mango
61,46,43,14.0,93.41400106,6.91820841,253.73836427,papaya
56,83,40,39.34519771,89.76422658,6.74672118,329.00360388,papaya
0,47,37,29.64869974,57.67252346,3.91589207,96.25707265,mango
52,41,54,45.0,96.53967598,7.0039125,267.99284587,papaya
10,16,24,28.25553782,50.73305718,7.32133441,95.20763375,mango
151,17,56,28.95581914,91.21483166,7.07276885,43.56591738,watermelon
52,0,29,32.03306823,48.33509587,5.95754503,93.14146642,mango
0,0,27,45.0,32.81005696,9.0,97.29826973,mango
56,56,52,26.48346531,81.45765654,6.08410377,18.65147018,banana
0,32,34,19.15329398,40.13392786,4.29335468,90.87093026,mango
34,52,50,35.4011444,88.17447159,6.82650184,221.60028195,papaya
49,35,27,36.74294234,42.49217144,5.67567775,101.34055727,mango
108,98,58,23.016996,87.00806042,6.15282832,126.38107208,banana
13,1,25,34.42747683,35.5930889,3.5,74.08705157,mango
20,31,56,28.24591547,90.60183107,6.04652838,281.91871964,papaya
4,43,58,19.50476147,91.38793602,6.56642144,15.0,papaya
0,41,30,29.14953695,47.63723233,4.43338126,102.20637332,mango
29,16,27,35.50059818,45.30593276,3.5,90.58514734,mango
65,38,56,45.0,96.10073204,7.34824418,522.99361888,papaya
40,29,28,33.47741537,52.14500921,4.78403608,93.04309389,mango
93,81,50,27.71822477,76.57853189,6.0360792660000016,102.2099836,banana
122,74,59,29.46013098,83.72036012,5.37196138,110.51592705,banana
78,17,35,36.53508388,51.51323655,8.31327159,87.71408557,mango
89,62,44,21.07907115,92.51101582,7.05766349,131.44365914,papaya
6,14,25,26.04798831,59.54826611,3.56702557,74.77027768,watermelon
139,52,64,31.51365928,85.54367073,4.54195606,63.51033599,banana
109,96,46,24.41141309,86.24773394,5.95509243,120.49747868,banana
13,33,33,30.23668299,39.16322251,3.5,93.61094103,mango
73,0,70,45.0,90.92475485,6.29888385,107.80785731,papaya
80,21,37,28.85411356,79.96264609,7.6269227,48.90936719,watermelon
69,18,48,25.71067649,93.69270046,6.69682196,61.32698413,watermelon
43,10,33,23.84851187,47.44849134,3.79479106,73.20954642,mango
40,64,47,32.50037548,93.47888842,6.893509446,71.73759526,papaya
3,26,20,27.68399083,48.22000593,4.7348603,96.68032034,mango
42,59,48,45.0,93.55912454,6.49572676,208.83764351,papaya
168,33,45,25.16862447,89.81959867,5.19135856,51.57703659,watermelon
69,64,47,40.21199348,94.50766912,6.993473247000001,186.6762324,papaya
61,86,45,45.0,91.1966143,6.73750172,98.41473956,papaya
36,59,48,45.0,89.37412141,6.64825354,89.05041531,papaya
40,54,55,30.7588774,90.17479477,5.58282204,15.0,papaya
129,47,51,18.59688114,76.88878061,5.45231489,114.02130655,banana
81,50,41,23.75565633,70.00877827,5.33814887,100.98910936,banana
92,71,40,25.45009938,73.96461084,5.56646687,104.24399791,banana
6,50,68,45.0,96.76141184,6.27914802,15.0,papaya
58,24,59,28.21083873,72.37526955,6.60343097,70.1309823,watermelon
37,36,27,27.552973600000005,47.90859131,5.910634533,90.40332704,mango
13,79,51,26.91340658,90.29107297,6.84040198,94.11667416,papaya
94,0,34,22.90215555,92.94851203,6.84837478,54.5009364,watermelon
40,66,47,33.8990711,90.56366365,7.00271483,113.93765646,papaya
16,32,31,30.45990518,53.41719015,5.85763347,94.73225502,mango
0,34,19,27.11469427,53.36705732,6.14451046,99.43074672,mango
0,0,22,14.0,43.91537051,7.55798507,87.67971806,mango
54,65,47,27.92765919,91.55594211,6.721835879,149.91075569999995,papaya
93,49,41,24.26693832,81.23382247,6.8188017,51.03971952,watermelon
91,14,39,25.90714704,86.42396211,5.76291513,48.44267457,watermelon
13,49,19,26.16342809,55.29455172,6.50749972,95.40938898,mango
25,67,54,14.0,93.20293602,6.62905848,78.83246337,papaya
24,9,25,26.3763022,46.25971501,4.6363083,107.73243619,mango
43,0,24,21.56387498,47.3595928,6.63280622,97.74749203,mango
0,49,28,29.26779075,51.24855571,7.34305179,96.68896502,mango
76,86,53,45.0,93.13720811,6.96962154,128.74450544,papaya
59,62,52,43.67549305,93.10887229,6.608667683999999,103.8235658,papaya
60,79,47,32.99319773,84.52762782,6.03720673,101.74017139,banana
43,44,32,32.5442624,57.26770461,6.84991985,95.72312153,mango
56,59,55,37.03551903,91.79430166,6.551892637999999,188.5181422,papaya
121,67,46,27.81381708,84.50246097,5.6549344,118.2982735,banana
103,114,67,22.27870334,69.47099604,5.55969398,49.49776767,banana
0,57,61,45.0,91.09506314,6.99028313,448.74836685,papaya
27,71,50,45.0,92.15671985,6.67611614,96.01555009,papaya
83,22,54,25.89762315,81.96664832,6.277245253999999,54.49960057,watermelon
139,33,55,26.78805532,80.59759835,6.52798925,34.83298496,watermelon
78,24,61,25.01979474,86.4210887,5.77890564,58.21116926,watermelon
11,30,31,30.40541059,57.85186746,5.58023882,87.88071014,mango
4,36,24,26.57380368,41.7848879,5.81193736,101.34888493,mango
26,32,32,30.91471455,49.92963856,6.810186079,90.14047759,mango
34,69,40,44.83042937,49.83065172,7.09609261,95.91246639,mango
108,92,53,27.40053601,82.96221306,6.276800323,104.9378,banana
51,24,23,31.83490056,47.6227409,5.82509361,81.3419819,mango
107,76,58,24.43160108,81.03820948,6.00817142,97.49885494,banana
100,26,54,24.58644447,89.97246588,5.70633107,53.84309008,watermelon
50,47,48,24.63676897,90.61964344,6.712772332999999,218.2299187,papaya
40,49,47,42.93368602,91.1756748,6.501521192,246.36132680000003,papaya
113,53,69,26.11346812,76.40876997,6.55209909,95.97664488,watermelon
29,16,26,24.50396177,50.19908853,3.50321906,88.15165548,mango
84,25,52,24.37190239,81.2514818,6.12532356,44.20899581,watermelon
50,60,47,32.57720726,92.74889453,6.92791761,93.7942847,papaya
124,24,50,26.74815042,78.43349932,6.21422287,41.75100946,watermelon
135,29,61,26.90919003,73.0208327,7.7944706,37.02682775,watermelon
118,55,10,27.49224443,77.42766703,5.17745103,15.0,banana
117,30,50,24.90123934,87.20772913,6.744966312000001,46.59207341,watermelon
68,23,28,45.0,75.07746022,6.90438639,141.97863259,papaya
195,65,52,22.32552749,86.05613497,7.32814412,69.96638087,watermelon
103,16,49,24.06731461,81.64075303,6.915717008,51.75212401,watermelon
46,56,50,32.65173258,89.94010549,6.94198672,87.18434509,papaya
0,11,45,39.20080591,42.78071296,7.12523812,94.75155255,mango
91,63,53,45.0,96.17270457,6.95737591,297.07759894,papaya
0,45,26,31.50568104,47.85756716,6.74972468,87.20378487,mango
0,23,30,25.35895182,56.7434409,6.78943613,99.08537792,mango
103,0,23,25.21878895,87.22315999,7.92441596,35.64634006,watermelon
41,68,45,27.9505842,93.26100908,6.2375427,15.0,papaya
55,56,41,24.06182307,82.87331949,7.345359,121.81568735,banana
116,107,49,26.53369339,89.85955354,5.82088098,113.51038516,banana
104,23,47,26.98212846,86.70068316,6.770434148,42.91292205,watermelon
95,68,60,41.23685441,89.65221381,7.16470366,69.55603332,papaya
183,76,69,32.01023932,69.56177897,6.44896674,67.32120488,banana
0,18,26,37.100848,57.81310903,6.33732441,93.60847351,mango
97,25,50,26.22005978,80.90127035,6.093814669,49.08553937,watermelon
80,94,55,28.25892151,77.19075022,6.14326675,109.58145571,banana
36,18,64,45.0,89.04985052,7.60592279,15.0,papaya
41,0,57,25.55972252,94.59814371,5.22759349,23.07207271,watermelon
120,13,54,26.42928493,83.30388782,7.27587292,40.93367725,watermelon
58,51,47,42.13473976,91.70445386,6.757470637000001,197.402901,papaya
157,5,79,31.8613177,77.14895325,7.53047045,23.37296191,watermelon
90,96,46,26.05646371,77.44826192,6.40744947,112.59309175,banana
101,26,32,22.1730365,32.17354136,3.5,89.19989179,mango
0,83,21,33.66610535,83.45439624,6.14319709,240.8590172,banana
64,67,51,32.19690671,95.27280095,6.48144173,48.62221535,papaya
83,79,55,25.14748006,83.34688193,5.565028635,98.66679427,banana
31,66,51,24.02148488,91.17830309,6.82238273,248.62780666,papaya
101,73,54,25.17233374,89.70761339,6.63994184,83.6227136,banana
109,33,49,28.56736384,83.9166986,7.78321968,104.25354184,watermelon
11,65,46,14.0,96.14938274,8.97490201,15.0,papaya
50,40,44,39.06110895,46.42726013,6.48884941,106.7223543,mango
36,54,46,42.54744013,94.94482086,6.662875839,214.41038480000003,papaya
96,48,57,22.90154286,93.24616466,6.59909398,57.05705508,watermelon
61,63,54,17.33294237,90.71362622,6.61187941,59.59262999,papaya
14,11,37,26.41223416,50.6095023,5.44608385,90.90910171,mango
134,111,50,25.04755892,62.07104187,5.28380573,37.03674668,banana
86,34,52,25.17705247,77.59116253,6.14361479,55.52755018,watermelon
70,65,52,30.42012134,93.12659793,6.583528529,75.95295,papaya
0,43,27,28.99106707,45.06705288,7.18294743,104.9664005,mango
12,27,26,29.09382275,45.5661059,5.32307197,96.23520043,mango
19,38,33,29.84498182,46.28512833,4.85010897,97.3924552,mango
70,0,65,23.86278837,98.56892787,5.11134593,117.10209214,watermelon
18,20,26,31.66524687,51.98594645,5.435840509,89.98024312,mango
26,38,26,33.29877765,44.68626542,8.42103368,89.3088156,mango
0,0,32,45.0,45.85954481,4.46936226,106.6416882,mango
21,23,32,32.20518556,44.89474113,4.90973038,92.19341358,mango
134,90,51,26.27631483,84.5116501,6.03776191,119.57591576,banana
22,38,31,31.53356352,53.06009323,5.8211060360000015,98.57025046,mango
114,49,55,29.14455131,81.71301988,5.41096533,115.4175308,banana
42,134,54,45.0,76.14387698,6.51131137,281.07420522,papaya
21,31,32,35.38598705,51.42664176,5.254532213,90.29643888,mango
11,34,32,29.14305008,49.40983294,6.831706773,97.55155537,mango
75,18,34,25.11053808,75.07529327,5.46617119,34.82995963,watermelon
90,14,52,24.84740848,89.20454622,6.391858432,59.67927244,watermelon
136,53,57,28.91295678,80.82673801,5.74733395,65.43225779,banana
110,101,51,23.48906386,80.90330485,4.89287274,112.80150285,banana
35,44,47,32.30070409,88.3843354,6.49756565,123.57110094,papaya
131,24,68,23.0077066,89.53422595,5.90048143,53.06442739,watermelon
31,45,19,34.67445004,31.5588033,8.71461314,110.26989627,mango
130,22,43,25.02607024,89.01352699,6.72950375,39.25265924,watermelon
67,68,49,35.26824831,92.38282957,6.821774589,149.8488208,papaya
78,17,35,39.00313582,53.38813471,7.74083018,100.08407564,mango
120,19,49,25.79448878,84.26830701,6.762471628999998,56.45229202,watermelon
178,98,61,26.93421145,71.91581529,6.44996614,178.88890352,banana
63,107,65,35.1728074,63.07515888,6.65598477,146.27264213,banana
62,59,59,31.61558299,92.20940046,6.4381987,116.19078837,papaya
176,0,52,30.02595889,86.65091843,6.7056591,31.30756364,watermelon
86,79,51,29.46062713,87.42471595,6.38004987,93.35424574,banana
111,77,52,26.56032177,75.74664822,5.51849462,132.371553,banana
93,78,54,30.22866719,77.95633271,5.40754371,91.99870898,banana
83,1,49,28.93968524,85.51168191,6.57373276,52.69020064,watermelon
16,35,31,32.27652024,50.19368841,5.316875978000001,95.99487068,mango
101,94,62,29.14460551,82.32356874,5.82785902,73.07619994,banana
34,61,49,28.12971499,93.3210737,6.502675132,117.8201907,papaya
29,10,30,28.30616718,44.4270039,4.47208582,99.2109755,mango
92,93,40,33.06773046,90.94395302,6.91545114,186.91561385,papaya
51,14,33,38.03700381,43.46712593,5.31293305,94.63389249,mango
119,31,53,25.41757704,90.47903902,6.02417986,70.00352944,watermelon
96,75,47,27.83608234,80.42934034,6.68944195,93.08064865,banana
40,8,30,32.44736828,45.38312802,3.5,103.23025262,mango
76,87,54,14.0,91.94056454,6.86444944,15.0,papaya
76,84,53,21.6597721,92.75964188,6.58110367,15.0,papaya
80,97,54,30.15176073,72.75141839,5.30776707,97.94729415,banana
53,21,27,25.06800996,61.81005782,7.78813344,84.17035533,mango
86,29,44,33.11098835,94.46710686,6.98888281,255.83687615,papaya
80,59,49,22.03854738,92.74355153,6.88722286,531.97342045,papaya
27,22,20,32.56813647,51.83794135,5.64052238,110.2394616,mango
79,82,35,22.70109807,65.97580151,5.99422964,98.10360057,watermelon
14,20,30,40.21413988,48.9629662,6.17302783,101.21580871,mango
0,40,55,19.00988614,99.0,6.75626125,298.34112642,papaya
23,50,56,45.0,87.98161834,6.66889531,110.97291194,papaya
47,42,32,45.0,92.30742099,6.81361725,164.95097772,papaya
72,39,39,45.0,89.24757242,7.12399638,15.0,papaya
86,95,43,27.20383687,74.34610119,5.60219625,69.44170912,banana
81,16,45,26.90435747,86.25426228,6.727468157000001,59.75980023,watermelon
60,27,14,30.04396129,99.0,7.63602326,65.24065368,watermelon
139,97,44,18.75743003,88.62401842,6.00773202,127.17798009,banana
39,24,31,33.55695561,53.72979826,4.757114897,98.67527561,mango
3,28,36,36.83050275,50.21340982,6.91233089,91.52697487,mango
18,17,31,31.74592134,45.16127859,5.667507706,93.75441586,mango
5,20,43,45.0,84.17347595,5.96915028,308.15480863,papaya
0,15,32,32.20945221,54.87572248,6.6732233,103.86855107,mango
87,42,70,34.18313964,99.0,7.4118274,15.0,papaya
97,13,51,25.29077128,80.78726452,6.54700957,52.27330881,watermelon
98,26,48,25.7861455,80.50212243,6.52191626,41.62178342,watermelon
17,38,33,32.95828984,56.75084562,8.67383616,88.10849654,mango
0,6,59,29.1068907,64.99629998,5.47567564,105.5365704,mango
81,77,53,27.88736355,80.24517782,6.49301907,125.05877594,banana
98,79,50,25.34119774,84.47321314,6.435917308,91.06493353,banana
70,18,47,24.57415627,87.58373309,6.39120888,43.05376421,watermelon
77,47,52,37.25018044,88.01553282,7.07589622,291.62393625,papaya
92,89,41,28.63109512,93.52461771,6.08486732,106.27357791,banana
198,40,66,26.39811907,72.75112055,5.54001773,63.0968221,watermelon
2,44,35,36.3279606,58.51515147,6.14295601,92.26974089,mango
138,11,50,28.10731922,89.83124298,6.33432203,59.24905034,watermelon
41,20,38,33.44206283,43.66272676,4.50426742,102.44955229,mango
115,65,48,27.27193493,72.55121161,5.08038868,112.04469234,banana
139,73,43,27.79643245,84.42797155,5.67451326,134.86482894,banana
0,50,19,45.0,48.83155656,8.31003055,102.54440716,mango
101,0,49,21.96590085,79.20070757,7.04102538,48.13806169,watermelon
39,31,19,20.23511768,49.30668716,6.3223411,93.0719103,mango
103,18,56,24.5488774,77.60975237,7.01805585,59.93640192,watermelon
126,108,34,24.730588,84.73833667,6.38541328,66.81924707,banana
83,98,47,22.6795318,78.88804022,6.41231451,101.5577383,banana
37,24,63,24.21437187,85.32927948,7.16932457,15.0,papaya
83,61,48,23.33437623,81.41612394,6.70111218,39.38296965,watermelon
140,0,45,23.86615801,83.29180192,6.95289955,57.42817037,watermelon
38,15,27,33.7462686,48.50387598,6.777788126,92.26439205,mango
21,37,23,26.72338791,50.01875938,7.72310759,102.00214346,mango
23,37,28,30.43895492,51.49956143,4.74099318,83.25647012,mango
122,156,61,36.73015122,86.39893668,6.36231119,108.59242526,banana
102,60,59,30.25386485,89.75298123,4.76544736,111.76739608,banana
64,22,73,22.05823148,83.46086073,3.5,58.68417017,watermelon
5,8,22,14.0,43.85493948,3.5,84.34351583,mango
98,22,43,25.11081291,86.82194905,6.51065945,60.57498596,watermelon
87,76,40,24.48339817,91.82163746,5.53491469,100.8418292,banana
42,84,49,14.0,97.81984915,7.40401649,285.74487779,papaya
67,7,30,45.0,60.11785741,3.5,102.3169365,mango
0,19,37,36.16325922,63.12546786,4.31254276,85.94850379,mango
162,0,73,27.58936208,92.33339005,8.33051722,70.92556815,watermelon
7,11,24,30.47297157,53.99245187,5.75838635,94.69756109,mango
34,72,53,37.83367102,91.81991512,6.90034531,15.0,papaya
59,29,37,22.12887743,39.18489608,7.02838672,105.27796596,mango
8,38,32,29.75150773,46.73723302,4.981816523,91.405983,mango
85,74,57,27.83063173,85.35044723,5.52789585,126.46493245,banana
76,25,52,25.58657083,80.49892664,6.41715495,51.00599628,watermelon
112,73,48,29.244063800000006,77.32017166,5.7074889870000005,90.66727868,banana
84,21,55,28.78754804,72.06579542,6.45009385,73.97015447,watermelon
14,17,31,21.89819851,44.4945062,4.81974118,88.14285485,mango
15,22,28,21.51274565,43.37229837,4.51997368,100.28282232,mango
0,47,41,45.0,58.6295206,3.5,115.61147645,mango
189,29,52,25.50543164,88.57055791,7.36273038,23.52160912,watermelon
60,47,39,25.9742931,56.30473287,4.65607988,106.59350315,mango
46,71,51,24.84328713,91.41049047,6.55495785,219.04077531,papaya
101,70,48,25.36059237,75.03193255,6.012696655,116.5531455,banana
27,10,32,41.11077899,65.05620103,9.0,96.07658424,mango
102,0,56,24.52860849,91.20843759,5.91351721,30.75967269,watermelon
36,46,39,25.41630688,49.00548012,4.25430332,76.72003003,mango
20,28,35,30.16673029,55.63150344,8.56412476,106.21736924,mango
42,90,43,27.21759375,66.53283029,3.90581594,97.79594585,banana
124,36,42,26.58561583,90.29726646,7.46122081,41.18574775,watermelon
0,43,47,26.44461168,97.0754297,7.04547322,231.42149126,papaya
4,8,25,33.87487882,47.47394809,6.48379982,94.93345553,mango
92,0,46,29.0034328,93.67062448,6.96922762,48.57840735,watermelon
97,56,52,28.8257742,99.0,6.12159063,172.62380892,banana
119,7,55,26.03867719,84.6378378,6.031424482,44.3993381,watermelon
145,45,57,33.85310224,99.0,7.94660365,139.67583732,banana
152,82,51,18.41062202,71.82466511,6.87530107,135.65325509,banana
54,54,54,38.35887702,89.01470186,6.59165657,239.83353516,papaya
98,83,57,34.20087733,75.97645921,5.3024399,115.41346628,banana
78,0,44,37.38845431,91.28503006,9.0,101.80641121,watermelon
56,52,66,14.0,82.58532539,6.42911264,93.79293208,papaya
86,79,45,27.81251452,82.69285419,5.80766417,99.20961514,banana
110,61,74,31.40603263,72.73794511,8.59464248,87.34940673,banana
46,56,45,22.20946946,70.78376973,3.95861611,86.68473183,watermelon
171,108,33,23.26503956,87.04906638,7.73365776,129.4284062,banana
32,19,56,24.6307002,89.7934557,6.63305419,15.0,papaya
0,60,39,27.55625631,37.98658344,6.26467707,72.14405877,mango
42,63,49,24.32519715,88.58508919,7.03382438,136.03518283,papaya
27,0,8,32.09824073,47.3242025,3.5,88.80146813,mango
80,42,62,30.81305141,85.60631741,6.21363585,33.91171103,watermelon
87,54,52,20.84482859,93.08737631,6.83605793,170.99349184,papaya
87,0,37,25.7113932,95.63717629,6.48620685,64.01733107,watermelon
45,31,36,34.58941191,60.7832356,5.1233032,87.7724768,mango
107,19,43,26.08690857,81.03360734,6.32943282,73.00099243,watermelon
111,91,42,32.05005552,80.17380613,5.51242531,102.40170759,banana
17,44,24,30.27376311,50.1955279,3.5,96.90308354,mango
92,83,62,24.29285156,80.71766069,5.53454638,94.26272047,banana
29,19,37,26.79646479,88.49018701,5.53225802,46.91054484,watermelon
0,22,25,35.29724216,43.85373448,6.99409562,87.83871296,mango
118,88,66,36.73675154,83.30190279,3.7936225,93.59072309,banana
82,77,46,28.9470467,82.1888998,5.901100841,95.83016448,banana
105,12,48,45.0,91.64048344,6.48519784,310.70983404,papaya
103,0,32,27.45259484,50.23758943,9.0,90.99690141,mango
52,56,46,18.86342704,97.25100372,6.80264506,59.18254647,papaya
46,73,44,24.32088441,91.47163096,6.16899219,15.0,papaya
37,36,26,32.89300162,52.61323969,4.650536197,94.49161372,mango
81,65,63,30.31176886,75.04617976,6.35858569,115.98148195,banana
70,54,46,39.73149053,91.12220596,6.919342407,122.7628653,papaya
90,92,55,27.00932084,80.18546798,6.13465588,97.32531705,banana
15,27,34,31.74937109,48.93157397,5.93790434,101.84324461,mango
84,44,51,26.60870319,82.28039948,5.59670507,43.99467298,watermelon
88,0,59,25.0898456,84.45603661,6.61140005,52.39702062,watermelon
13,32,31,33.29373608,47.61446894,5.42484963,95.8730898,mango
106,98,57,25.04084445,77.58651309,6.32629079,95.70940846,banana
2,36,31,30.90225239,49.95955487,5.73171945,91.77522598,mango
39,37,25,33.33024826,45.61143594,6.953246506,98.28583013,mango
111,73,66,29.8073703,97.33275571,5.322721,58.74411978,banana
133,90,42,27.92263536,87.93656371,6.22794787,98.62756015,banana
13,21,28,25.45298937,43.41967669,5.45098597,97.77402101,mango
32,44,27,30.56745033,54.15164404,6.24291384,103.89937909,mango
97,0,49,27.75224964,82.60813166,6.01409224,62.48607036,watermelon
47,15,27,36.74776492,49.00060685,6.13098448,94.75782783,mango
58,53,46,29.02476412,91.52831011,6.3100935,15.0,papaya
63,23,50,26.72534948,73.72843707,6.4892664,47.80313966,watermelon
102,28,43,25.57154466,79.70192678,6.95759397,36.14812221,watermelon
188,13,58,26.91457654,99.0,6.74311555,63.32715163,watermelon
125,0,54,26.57387711,85.43077248,6.23332949,34.50129455,watermelon
56,68,60,45.0,86.92744571,7.16323597,15.0,papaya
36,59,46,34.28879307,93.61082872,6.721130542999999,127.2509777,papaya
66,81,48,29.36953989,84.29438144,4.81692907,144.27910702,banana
106,31,42,25.42691369,91.04490496,6.14618044,57.35449984,watermelon
44,6,26,35.08930993,52.70908121,4.82881459,90.32723687,mango
28,53,66,23.53076458,87.72569976,5.38917718,122.34824728,banana
117,0,47,26.85356887,86.43122782,5.42848959,28.48132484,watermelon
144,0,22,30.67268591,52.25374487,3.5,115.47567958,mango
100,74,52,25.43480512,81.53977797,5.837258235,96.47800391,banana
9,68,62,25.554395,87.71557354,6.83103887,378.66704945,papaya
81,92,62,29.24065762,75.18016468,4.84969736,111.77396555,banana
39,74,52,33.74691346,89.82828781,6.57502682,50.17426728,papaya
95,75,45,28.98333432,82.95958244,5.829898502000001,109.022564,banana
16,27,47,27.99635095,72.9682619,5.89504397,48.87519352,watermelon
51,60,60,14.0,90.95413689,6.26608535,164.5897458,papaya
123,6,48,24.56939155,83.5054123,7.34890385,15.0,watermelon
11,27,30,27.69637763,48.56224879999999,6.39474303,89.85646496,mango
21,47,61,45.0,91.93751369,6.77183008,228.79885258,papaya
0,13,38,22.502509,45.75476185,6.16653296,110.03366197,mango
77,27,57,23.16423165,63.58362685,5.67299034,47.44525225,watermelon
82,35,60,26.03229006,84.99917283,6.09141816,47.59879531,watermelon
12,25,16,27.76894656,46.7240925,8.95340952,102.99292773,mango
44,86,55,31.67209689,78.20817145,6.50087575,126.71502616,banana
0,42,40,45.0,90.20963796,7.60926201,15.0,papaya
109,79,45,27.66752761,79.68542782,6.490074429,108.66464,banana
94,53,55,25.56637277,91.06200477,6.60857313,77.49323886,watermelon
78,45,50,25.65917509,85.20520158,6.57677803,51.77709866,watermelon
92,20,55,25.10474753,87.52676159999999,6.5877912620000005,59.26519444,watermelon
103,73,52,31.27706713,78.90577593,6.04559075,99.20467507,banana
38,16,18,33.28013001,53.33191085,6.58769101,108.22129759,mango
119,142,42,29.13197341,80.30633272,5.72929649,29.11109087,banana
92,81,52,27.39341554,81.4654833,6.438137278999998,94.31102057,banana
76,98,50,24.03598959,85.96940016,5.58798635,112.22590878,banana
44,23,35,33.25242756,54.04781668,8.68056403,95.56845704,mango
220,10,58,24.58000237,69.06969657,5.46669186,20.22344828,watermelon
104,17,46,25.7131428,80.22972777,6.190015912000001,43.08961827,watermelon
72,0,52,21.45353473,80.2920961,7.3325307,33.73455451,watermelon
48,46,28,28.34912153,47.80833691,5.4160784,91.29765014,mango
32,68,52,32.68067385,92.61715632,6.800321319,248.8592986,papaya
82,95,41,22.50679346,69.37750554,5.00626502,93.3912809,banana
71,55,27,32.37512506,46.26415386,4.40420445,93.04661168,mango
76,40,48,25.12997224,94.38250836,7.30328342,54.45360915,watermelon
60,46,53,24.48620746,92.98254537,6.761953186,183.49095,papaya
7,17,26,34.89226666,48.75613373,6.414526606,91.63074547,mango
98,17,55,24.39504184,83.01366316,5.69635274,28.2560656,watermelon
14,26,34,28.17011001,54.79619218,5.9799203,93.95971277,mango
56,62,59,41.08774875,93.67125161,6.79318014,143.93335108,papaya
17,31,39,25.76052083,44.53431148,4.62559849,99.31277423,mango
0,18,44,30.97619389,43.77870586,7.68312353,107.36707457,mango
24,33,35,29.26382931,54.82257868,5.342866119,100.7586226,mango
147,28,54,24.72656505,88.0303976,6.37879345,25.20346322,watermelon
74,7,50,23.2017428,88.10434566,6.17213255,52.24120851,watermelon
59,17,36,28.68531646,50.89082577,6.83265479,85.77863691,mango
30,27,49,26.18564487,88.42266848,6.43514832,56.80346507,watermelon
26,67,53,20.14704252,93.97121222,6.99376768,66.28074911,papaya
114,13,48,27.04867546,80.83671286,5.24517936,50.28949865,watermelon
69,65,49,44.23301998,91.05010573,6.91999491,242.95932272,papaya
58,68,52,23.16969924,99.0,7.34799921,388.57922042,papaya
32,70,59,33.38842224,90.93057413,6.41758469,242.53466713,papaya
108,3,49,27.76980392,86.13881357,6.86688194,51.95150333,watermelon
52,63,54,14.0,90.23972155,6.83724356,134.70217669,papaya
20,84,43,40.00946979,89.62732459,6.74646147,376.69136387,papaya
0,37,36,27.16727934,51.67843741,5.29696902,99.91336171,mango
33,0,59,20.42806465,89.19276681,5.4921982,46.69155978,watermelon
156,24,44,27.0730965,86.06299341,6.71636552,56.54297141,watermelon
13,69,50,43.56203441,91.20349251,6.74988618,372.62699408,papaya
46,31,24,45.0,48.77516197,4.60687869,102.13922488,mango
60,68,54,45.0,89.350827,6.43590267,92.9629928,papaya
35,66,47,31.7018373,91.66232213,6.953439161,48.83810592,papaya
93,71,59,31.33751858,87.28712485,6.40233624,424.38161031,papaya
31,76,43,30.81220364,93.12448431,6.84365783,247.26162585,papaya
142,9,61,26.29186973,80.33782396,7.3835774,41.15225329,watermelon
48,57,54,29.02328049,90.20396783,6.617703177999999,126.8069869,papaya
118,0,42,23.23665056,92.55300442,6.55630763,56.35923268,watermelon
82,0,52,23.83873186,91.35986159,5.10245431,49.6402863,watermelon
107,5,52,26.6634609,89.98405233,6.8814257460000015,57.40847165,watermelon
69,35,21,45.0,50.19633375,7.73752691,97.11915706,mango
0,32,23,39.36513741,46.51281977,5.40856146,97.91717021,mango
0,42,70,14.0,94.38537724,6.07809473,666.64769289,papaya
44,64,54,29.80744318,91.38048469,6.74274935,232.7046126,papaya
11,63,55,29.9267186,93.74235023,6.33163989,156.90449597,papaya
35,12,17,40.32937163,48.581368,6.3656345,99.96726226,mango
27,24,36,34.47720878,59.21073378,7.77282456,100.29436445,mango
113,74,54,25.75031154,88.33866778,6.207163,103.29158651,banana
101,54,32,31.46454756,37.7010301,3.5,80.70843436,mango
69,67,52,27.71948962,94.43877142,6.827305908,82.83061083,papaya
92,118,47,29.14461345,77.04944179,5.34951612,110.80941625,banana
136,39,52,25.13217942,89.50517937,5.87202697,45.87768897,watermelon
105,76,40,29.19192713,79.8619978,5.94272808,89.88259446,banana
10,41,31,32.42760877,41.53674631,9.0,106.84779758,mango
17,58,67,25.64330528,95.21283367,8.91003893,59.8700571,watermelon
4,73,25,21.77841364,59.64471747,3.5,79.64680407,mango
136,91,38,28.17423791,81.04095957,5.92458429,124.26035331,banana
128,94,52,28.28136828,68.95166572,6.13504041,98.19711106,banana
0,30,40,45.0,33.71023395,3.87301054,105.98625365,mango
93,32,42,26.58274374,89.17775086,6.6481989,53.04666183,watermelon
11,81,45,28.93927007,43.63416729,8.2344892,73.52772363,mango
61,0,52,25.97712856,85.17492005,6.75205461,41.62339923,watermelon
9,40,40,45.0,99.0,7.79208213,235.77005668,papaya
80,7,48,25.55916834,77.96982779,6.7629721,35.22804059,watermelon
38,19,31,34.73823882,49.08864345,5.855119267999999,90.65022183,mango
106,98,58,23.25308096,80.5078722,5.62785991,100.71736923,banana
111,23,46,27.54895765,79.13392411,6.41435925,73.01290262,watermelon
19,49,21,31.06185011,55.17211844,5.45509336,99.8451516,mango
68,52,49,24.42561272,92.27749066,6.577192175,63.35298768,papaya
0,15,32,27.61662046,49.06946934,7.0389753,98.70177645,mango
99,106,52,24.11028721,82.79294944,4.94393445,91.20582805,banana
103,74,52,30.22352156,83.51817142,5.30608707,86.5763039,banana
38,37,32,29.38556465,46.04466039,5.89739352,90.44528461,mango
66,0,15,29.36902333,38.19310547,3.5,97.7291533,mango
0,45,26,31.28599831,56.12066252,5.22924776,97.47458357,mango
34,68,54,34.5274614,96.97914104,6.66542821,15.0,papaya
2,38,33,32.38697531,53.2328243,4.691396195,90.21633216,mango
56,65,48,19.27549977,92.36636734,6.55638174,90.90167231,papaya
69,62,55,45.0,91.45870313,6.73829346,91.50652489,papaya
96,0,48,26.48233971,89.1814455,5.84962713,37.52842266,watermelon
49,47,50,34.57393593,88.97887862,7.02385842,15.0,papaya
111,17,47,26.79097192,82.36246763,6.27593816,42.37951684,watermelon
33,58,56,14.0,92.3789378,6.79756487,15.0,papaya
57,28,53,40.44508721,90.37704367,6.68684269,15.0,papaya
105,133,60,25.1134841,85.74380964,5.49133886,69.91784102,banana
56,29,29,37.68069052,53.47518333,5.43294729,85.40611323,mango
0,33,47,23.16126542,87.50338949,6.24898319,48.84088521,watermelon
66,77,55,26.27416709,88.0322707,5.61637393,130.63325144,banana
36,21,27,29.90307753,48.60023664,6.1145374,101.47960736,mango
118,88,52,28.65003945,82.68752542,5.8431631610000005,98.75084366,banana
101,16,27,31.22916561,51.11297317,5.9959425,72.47296233,watermelon
75,1,56,25.92607647,90.69960674,6.65691348,15.0,watermelon
94,148,72,32.40429729,80.91468659,6.17340052,54.54944693,banana
137,69,45,27.94337512,85.16374746,6.97522127,84.98454868,banana
119,0,41,26.04459932,74.27749727,6.78140554,46.45348187,watermelon
34,16,25,30.07202564,50.96040505,6.10729559,92.09609766,mango
86,82,62,27.99136463,86.47395373,6.02255436,96.55028567,banana
34,62,55,27.58548913,90.72526502,6.585346229,238.5008779,papaya
109,21,58,24.27062413,79.63312622,6.68630626,47.18948458,watermelon
41,31,22,23.07111721,51.29364476,7.36778358,104.02835218,mango
32,42,17,31.8259863,35.27552188,4.94273083,79.31956856,mango
63,57,56,14.0,88.14660632,6.0805242,293.63160913,papaya
86,95,49,28.05484146,78.04602887,6.458714879,108.3957179,banana
67,90,67,35.25327811,92.11304876,6.33326273,15.0,papaya
95,12,51,25.76484262,84.17269959999999,6.681606702000001,44.22066914,watermelon
88,15,56,27.70562559,81.92269647,6.96509767,40.257918,watermelon
53,11,56,24.08596525,89.92100998,6.53181898,82.55375801,watermelon
49,30,22,42.46698426,37.68460329,9.0,88.66373544,mango
105,42,37,28.95641555,87.50953917,6.35282185,65.54650931,watermelon
79,13,49,27.55402217,89.14159334,7.52945233,55.18882401,watermelon
40,71,57,31.20305544,99.0,4.8791723,63.96118531,banana
72,78,40,22.59050078,93.85803957,5.38931107,105.88687955,banana
105,116,49,26.73773263,77.49181732,7.52859408,147.94465409,banana
19,38,26,31.48451729,48.77926304,4.525722333,93.17221967,mango
30,67,52,14.0,91.44104846,6.00813175,386.70681192,papaya
110,21,54,26.73690828,87.82430156,6.747537642,47.46447019,watermelon
47,30,23,29.12753012,58.94159109,6.51868678,91.18006534,mango
93,7,47,24.61747173,83.90944185,6.49045382,57.97208367,watermelon
35,49,43,45.0,99.0,7.30656974,15.0,papaya
106,19,37,22.54950073,46.44568036,9.0,86.72661924,mango
127,96,55,28.02887073,72.97239929,5.6230042,120.94060577,banana
26,18,30,32.06097197,51.08494181,6.336234623999999,96.59816497,mango
151,60,68,37.19562025,99.0,3.62550119,53.51293453,banana
66,38,24,43.17989607,46.18677633,6.83190653,96.44298925,mango
65,0,46,28.76615721,77.9551891,6.55070527,54.23500901,watermelon
66,103,74,35.04244912,86.05650216,8.31345566,103.14127338,banana
118,32,49,23.73592708,83.04662537,7.27620805,54.33205318,watermelon
100,13,52,25.11599622,78.92762523,6.68125104,38.9202747,watermelon
69,95,39,23.97101394,63.49487765,6.01935008,152.27980245,banana
39,27,35,29.60170148,59.11125941,5.21613179,104.68389089,mango
51,57,55,24.70528368,90.14732171,6.6764073370000006,108.4103158,papaya
108,109,47,26.34985799,69.51017705,4.12059381,73.38470204,banana
48,88,42,38.05606995,99.0,7.05813439,122.60035772,papaya
196,0,54,27.13323839,78.72208781,4.60038412,76.17452299,watermelon
79,68,46,24.49737492,91.35300804,6.8095157,259.79160039,papaya
67,79,38,27.84865671,82.33414739,6.10003382,96.94824439,banana
44,38,51,35.43826604,90.42007637,6.24327041,221.15246859,papaya
0,32,28,29.92412416,44.97781204,5.0806665,81.35445942,mango
0,54,54,22.13878536,32.00296433,5.88676915,93.17367017,mango
108,15,54,27.83635307,84.21528549,6.72962149,33.38607578,watermelon
62,111,60,24.04311149,72.22819536,5.80840332,65.42022561,banana
184,51,42,45.0,99.0,6.06592671,15.0,papaya
34,38,31,35.37775595,45.58110023,6.454045329,97.41586402,mango
9,77,39,24.90671893,86.28685835,6.49258635,15.0,papaya
1,0,66,28.79025155,96.31623793,5.63931608,51.60188511,watermelon
120,65,38,24.95608396,83.46244801,5.49907799,107.06615173,banana
144,66,53,22.38623914,67.07333133,6.29442919,104.82549839,banana
70,76,49,25.2706434,76.53303835,6.27954341,80.64533172,banana
41,2,34,33.76685152,54.31991595,4.77986487,93.59689188,mango
97,12,47,25.28784623,89.63667876,6.765094963999998,58.28697664,watermelon
136,99,57,26.89121861,79.73139513,6.2728808,96.09639915,banana
99,70,46,26.59580783,82.99556744,5.727469947,100.5123341,banana
31,52,34,25.52060274,69.56714043,6.25141629,48.50177997,watermelon
39,71,35,45.0,94.34994921,6.92662562,93.67923219,papaya
33,29,34,31.40948821,49.21729127,6.832979508999999,92.99739415,mango
74,10,53,26.7913092,85.76174394,6.3128299,73.99330427,watermelon
76,14,55,26.4848768,88.71428556,6.22933918,54.34511541,watermelon
87,16,36,25.48634299,98.58251458,5.93405586,44.83070978,watermelon
76,60,43,45.0,92.64516581,6.6068777,69.58528164,papaya
119,26,49,23.07211863,83.80130351,6.88719702,51.43912868,watermelon
93,86,45,28.50416043,71.80360942,6.0231072,93.91585082,banana
43,29,34,34.07864645,45.80595414,6.22209694,87.4480346,mango
78,6,33,33.81164767,72.51346311,6.84064246,46.37407245,watermelon
113,19,46,25.41864024,81.12122989,6.286387658,49.52320689,watermelon
48,34,57,24.90742442,92.55774519,5.80568878,39.72307032,watermelon
58,65,50,34.75571386,93.92630659,6.54005942,152.96500098,papaya
6,49,24,36.62556621,52.46605715,7.00924831,97.71313186,mango
3,41,34,34.86516067,55.16241468,5.26792738,96.63781001,mango
86,16,41,30.37898547,99.0,6.63912222,93.56840822,watermelon
42,51,31,29.43663043,50.52487819,6.44771921,101.8666648,mango
49,65,50,36.56325884,95.90734914,7.05278964,195.23688905,papaya
76,21,45,26.14163596,84.88801671,6.14118563,63.51877154,watermelon
51,47,47,41.43814366,92.73655569,6.82775813,60.73714313,papaya
44,47,45,38.73218907,94.73613484,6.579441304,218.142147,papaya
39,70,52,26.26559543,90.79668055,6.65149129,59.49373381,papaya
127,16,53,26.35011458,86.57095093,6.14278192,56.56004027,watermelon
90,61,57,43.11970703,99.0,7.92637969,276.99248316,papaya
51,36,55,14.0,66.68787709,3.5,95.88669675,mango
61,53,26,29.68914204,48.52364398,4.75544141,92.08621147,mango
136,85,69,24.83044035,72.40589686,5.70314286,123.17472702,banana
78,27,50,28.02161689,85.24842068,6.90581118,69.15884521,watermelon
61,51,51,39.30050027,94.16193416,6.574677594,120.9512466,papaya
0,50,41,41.94982915,44.47407664,3.5,99.40357714,mango
39,52,53,32.51247398,94.65904123,6.704204398,51.07048113,papaya
52,29,58,29.53126196,86.41651108,6.71315561,23.1864444,watermelon
95,75,50,28.08166093,75.26429821,5.623615687000001,118.2761894,banana
90,95,38,24.61006007,85.57423531,5.70839051,83.59888294,banana
9,21,32,32.26935342,53.56092806,5.870116071,95.94035356,mango
101,13,54,25.42900869,82.91481799,6.828982708,56.34144589,watermelon
94,34,51,26.41534392,75.93930169,7.05372795,33.53163469,watermelon
21,47,36,18.41881641,97.09335638,6.18050117,93.04426264,papaya
32,56,36,35.75703403,45.19655788,6.55785016,100.81834749,mango
91,7,52,25.07803672,83.46230461,6.405054243,56.39962921,watermelon
86,18,40,22.41537651,75.20827775,8.58544879,161.28079993,banana
4,40,26,27.58258929,48.56916221,6.720041791,95.8445641,mango
57,57,51,39.01793345,91.48815629,6.99223441,105.8841531,papaya
99,91,54,27.0411992,85.30400241,5.1007106,107.34571396,banana
96,3,56,29.8243968,89.79978106,7.1409941,54.4634594,watermelon
131,0,47,24.38067231,86.56560186,6.56120466,51.80909813,watermelon
89,90,50,22.80784617,75.01536333,6.0993151,114.14627609,banana
9,29,34,29.38471637,45.88744691,5.72742254,100.8124659,mango
37,30,34,27.53907547,53.63549533,6.797779227,99.35408185,mango
129,51,44,32.51493659,84.66966852,4.30077298,110.78342675,banana
83,29,52,25.76402693,87.5931128,6.704688865,46.05122728,watermelon
122,72,50,25.27647642,74.21897685,6.23739131,106.21992291,banana
43,38,49,45.0,95.91715525,7.12289727,401.54742894,papaya
78,67,52,42.05096934,92.49925604,6.57836066,329.89584315,papaya
47,46,52,23.19451074,91.40301608,6.502289472999999,206.3999208,papaya
2,9,31,25.23234932,43.81586013,6.54231991,92.84535067,mango
97,0,47,23.8238546,76.22475777,6.65123432,42.10731583,watermelon
97,7,49,27.44595002,80.18187649,7.22583596,54.62416814,watermelon
47,82,40,36.35898851,88.79206531,6.47947558,211.2638046,papaya
115,87,43,27.20928079,84.90459349,7.05428772,135.54777893,banana
66,66,62,29.73431635,67.98930699,4.34662074,74.70975282,banana
39,16,27,35.53845018,52.94641947,4.934964765,91.54560427,mango
126,95,61,25.06817687,82.42646323,5.89010596,97.21932854,banana
0,0,25,14.0,36.43874553,3.5,97.85674953,mango
89,115,74,19.60333851,75.53630732,6.46033461,54.29609965,banana
109,8,65,25.4166357,84.15110647,6.75190314,55.46651275,watermelon
56,19,49,25.85978523,75.71899866,7.40069558,32.8004481,watermelon
103,90,51,32.09744718,77.87304458,5.58699669,118.8191735,banana
86,76,54,29.3159075,80.11585705,5.926824754,90.10978128,banana
114,18,48,27.56221957,92.85973349,6.64799251,66.50647822,watermelon
65,82,45,29.80119218,77.93677722,5.55075235,110.34417648,banana
14,21,28,25.59878735,56.67995094,4.8900546,89.01225353,mango
93,94,53,25.86632408,84.42379269,6.079178787999999,114.5357503,banana
70,0,85,20.1297609,79.60367279,3.5,15.0,watermelon
72,54,60,40.81324354,89.79702019,6.15640179,48.55718514,papaya
115,99,41,29.22552191,85.8505383,6.0348156,113.56655807,banana
112,28,54,24.86094646,85.05318563,6.738030547,55.29563514,watermelon
21,14,27,28.86710728,45.72639484,7.29413075,92.31620589,mango
83,108,47,36.41590262,73.1622056,5.33019207,31.92020744,banana
86,6,53,25.92030221,83.47202566,6.921847887999999,42.10681516,watermelon
120,80,62,26.06030317,73.7065971,6.26702288,121.89638924,banana
102,23,57,27.36831093,83.53337703,7.0615927,45.18464562,watermelon
23,53,31,33.36605849,52.4029574,4.4845528,91.16833797,mango
60,33,62,25.83326768,98.2464349,7.29580963,51.54910365,watermelon
0,55,36,30.97421939,86.80446627,6.13477395,167.24896555,papaya
113,76,49,26.67071196,92.23120974,5.98685157,79.22716609,banana
0,19,42,14.0,87.95456234,3.5,110.52939616,mango
5,69,52,29.82108056,95.85077365,7.03144477,15.0,papaya
101,32,58,24.28003525,80.98304085,6.02056207,21.36072113,watermelon
92,7,45,26.70607759,81.14149505,6.944640222,51.51033554,watermelon
80,72,55,24.73322127,82.37501479,6.17480882,121.18174461,banana
63,40,60,22.9197227,93.91761315,6.90029754,234.92548488,papaya
67,59,48,22.02915771,97.47202029,6.65716816,38.00889933,papaya
20,67,64,45.0,90.76280374,8.39842634,248.09828236,papaya
69,60,54,36.32268069,93.06134398,6.98992719,141.1736926,papaya
45,28,45,30.11851953,44.45630721,6.52799761,101.20843242,mango
89,6,49,25.49636096,80.37779833,6.93925067,36.23672628,watermelon
103,75,48,31.05657675,99.0,7.39103361,83.48805117,banana
67,77,41,27.36263722,78.80670917,5.83847547,103.74135241,banana
103,77,53,30.86216083,76.16590436,5.52163067,97.32473998,banana
141,79,61,31.95313787,76.30090193,7.01272468,136.75943458,banana
70,58,67,27.00145122,91.92454187,5.2443638,283.53778571,papaya
74,61,50,23.19179648,93.8889517,7.00883477,25.58721105,papaya
86,73,31,25.88751175,73.0479079,5.88211475,151.76674913,banana
90,7,46,25.8764522,87.97643437,6.87167449,38.55849662,watermelon
131,0,74,30.40941552,65.97429116,5.33424484,69.09854183,watermelon
116,5,54,25.37601283,80.99313508,6.65398725,57.23028471,watermelon
143,58,52,25.53892519,99.0,8.76763189,34.02732236,watermelon
12,15,32,27.29961429,51.67383017,7.00991768,95.97413742,mango
70,49,59,24.31752078,66.86815898,7.29197572,31.47800529,watermelon
128,28,46,25.96361708,80.32422865,6.37976288,47.49025508,watermelon
103,72,51,26.12643374,81.81365007,6.099478745,104.4812858,banana
162,45,33,45.0,97.69647188,6.32494092,15.0,papaya
114,79,51,26.21009246,82.34429458,6.313197204,112.0700033,banana
7,25,43,19.74301397,51.64892107,7.25191865,84.40018077,mango
31,29,26,28.22373428,47.40519056,5.024124683999999,97.76832322,mango
103,68,47,26.87138969,77.34671442,6.44254626,109.57567697,banana
104,81,51,21.18589094,78.52851675,6.6232391,128.02554741,banana
86,0,46,24.74049473,89.65810214,6.56181469,55.64735495,watermelon
102,73,52,27.9122104,83.36307683,6.356090905,90.24211529,banana
0,72,37,17.66047947,59.92340195,4.01001333,91.58529829,mango
125,7,52,25.12798204,83.48618782,5.50113756,39.15970999,watermelon
62,17,52,25.2035792,86.49786095,6.0304238,36.94313126,watermelon
60,14,51,27.46535104,81.78502381,7.20269376,63.76926555,watermelon
153,2,51,25.63804022,80.18470408,7.22702574,75.35615021,watermelon
120,72,47,24.60941619,75.07434062,6.59944352,110.09152968,banana
16,62,54,41.88195674,94.01819959,6.46953213,170.70464738,papaya
29,93,50,21.40436838,93.40824104,6.54397016,340.10315226,papaya
13,77,44,42.29657675,87.81593915,6.80170232,171.80351574,papaya
129,0,64,26.35843604,81.95977345,7.48696946,50.78677398,watermelon
8,9,71,45.0,96.58380958,6.93541851,15.0,papaya
63,58,47,26.83054058,90.75379971,6.864143752,144.66564440000005,papaya
131,64,53,27.58738867,81.983682,7.00982397,97.68956429,banana
151,0,48,22.41097653,76.6895154,6.04877367,15.0,watermelon
51,45,28,38.88759497,44.72916335,6.34889041,94.54210526,mango
38,17,36,28.00227387,49.272551,6.22467591,92.91918385,mango
46,47,49,45.0,99.0,6.05285343,15.0,papaya
19,19,32,26.58211664,51.45555863,7.59203719,99.72742183,mango
63,2,56,23.7807333,92.13147788,6.16148249,66.40690388,watermelon
114,16,57,30.6272616,85.95069576,6.34711998,66.78630396,watermelon
40,84,43,20.79958339,54.29381045,5.98212765,110.75949484,banana
63,50,52,28.64555584,93.22642604,6.751747609,115.8163936,papaya
66,60,52,45.0,87.53620707,6.52600183,120.52945091,papaya
9,30,34,39.29708385,52.92477906,6.81180747,94.13477953,mango
89,85,55,26.671983500000003,76.48541655,6.275384607,91.73358569,banana
117,76,47,25.56202173,77.38229006,6.119216009,93.10247183,banana
16,0,41,45.0,91.30963151,6.91730013,361.26344459,papaya
121,19,41,16.61405422,72.08213795,4.50071755,102.71895519,banana
149,78,46,25.51037545,83.68173923,5.65755396,100.59070414,banana
107,71,55,29.42017919,83.96754496,6.088064451,117.229079,banana
116,125,42,22.31036349,89.76320797,6.14219307,98.68145058,banana
45,47,55,38.4191628,91.14220381,6.751452932,119.2653877,papaya
54,92,58,27.25632369,86.91588352,5.66209355,121.61678026,banana
61,61,48,45.0,88.47671435,6.34002385,15.0,papaya
95,97,52,32.15074261,79.09808142,6.19155653,105.12142719,banana
108,89,53,29.55054817,78.06762846,5.808497603999999,99.34482238,banana
32,41,35,32.17567233,49.18792173,6.66278129,93.28384001,mango
76,73,38,25.8088158,87.43940115,5.99737706,122.91707066,banana
0,23,32,25.99266717,46.64328974,5.1180076,89.70444677,mango
31,62,52,33.7960155,93.00754254,6.99104104,182.026807,papaya
90,86,52,25.85036988,81.95580471,5.793260262,119.08561709999998,banana
62,63,50,45.0,93.83039979,6.63013579,233.02826783,papaya
19,21,34,30.01592643,53.19212381,5.074272692,97.72843182,mango
39,64,52,28.91842453,94.63676767,6.678695788,63.68794608,papaya
28,21,32,32.08802673,26.50372117,3.84100467,78.06156451,mango
109,10,53,26.81938687,87.8274604,6.5517503060000015,46.06193778,watermelon
119,9,50,26.74550678,83.9195902,6.251286661,40.794305,watermelon
39,32,20,26.24101632,45.73422599,4.68552644,94.15484393,mango
119,36,53,25.38503509,81.45233527,6.92269004,50.52430163,watermelon
29,72,40,45.0,93.44140802,6.68594461,252.53145022,papaya
89,86,50,24.22735647,78.6624301,5.19385876,131.48058362,banana
0,19,25,26.34826199,51.08146272,7.27311432,101.54943859,mango
118,7,53,23.48948272,74.47810565,6.398501,51.66525525,watermelon
85,32,64,21.67992935,75.52092304,7.66220676,37.98530142,watermelon
54,67,60,26.81258718,95.40197613,6.39600088,177.4170755,papaya
42,60,47,33.46873719,92.12746225,6.834808347999999,136.8277041,papaya
105,88,53,23.60702587,82.22987443,6.8076452,110.8389018,banana
106,14,45,24.47018505,84.16390229,6.417011754,57.26773002,watermelon
92,93,56,27.54224546,77.83741441,5.38301997,103.51092023,banana
109,40,38,26.07367537,81.81766971,6.40661515,45.11393183,watermelon
80,51,43,45.0,95.75563785,6.98927632,66.220476,papaya
88,12,50,27.98041391,82.7525333,7.07475024,60.27093001,watermelon
114,101,54,27.37646182,76.43934814,6.47560593,92.43908701,banana
92,97,48,18.16841649,86.35305683,6.58442483,15.0,papaya
99,88,55,27.88486345,83.43556016,5.609581,128.06254556,banana
105,19,54,27.12421196,81.02628953,7.76737663,50.14508539,watermelon
64,51,41,37.00852472,89.45260357,6.91880134,80.91907391,papaya
114,15,56,26.14482563,90.91701047,6.32371797,47.58445667,watermelon
37,22,39,35.40475414,27.05310716,3.58970574,95.58768503,mango
57,79,62,32.81602094,92.94714702,6.24189216,277.96710636,papaya
111,79,53,28.31193338,75.77363772,6.165001277999999,119.695765,banana
140,0,50,24.15858147,85.78877095,4.63172829,46.14876697,watermelon
113,85,45,27.94972463,76.63713353,6.037430836,109.0921631,banana
110,71,49,17.13505939,85.59373967,6.00954573,86.87140579,banana
82,34,53,22.85131481,82.4714251,6.62038912,15.62408194,watermelon
55,61,50,42.89576623,90.51628537,6.37900853,119.88853091,papaya
113,30,50,26.03967219,83.9862443,6.277484042999999,43.87712348,watermelon
146,50,53,28.65003078,81.16828726,5.41863737,36.17929727,watermelon
42,53,48,23.11407669,94.31994776,6.758479569,231.5153161,papaya
106,13,48,26.03327387,79.97133363,6.84200917,32.53959192,watermelon
63,67,67,18.45997337,77.79060881,5.95470874,79.75558441,watermelon
11,33,27,31.20876681,51.07182508,5.49752677,99.9644932,mango
53,40,60,26.95658295,89.56902995,6.59262704,170.01453616,papaya
119,66,47,27.17498236,82.54148285,5.98023437,81.37039962,banana
11,49,21,34.28627318,51.68848241,6.23754158,98.61458536,mango
26,59,34,22.53003557,95.46675587,6.60145969,542.70263452,papaya
18,19,27,27.75518664,52.34605806,4.772385986000001,94.11213345,mango
108,89,53,29.12036889,80.18080728,5.908770059,112.3982055,banana
12,37,30,31.09779147,47.41196659,4.546466109,90.28624348,mango
93,22,52,26.58740671,81.32563243,6.932739726,41.87540028,watermelon
72,32,54,24.33872534,80.9054957,6.68285442,39.76281675,watermelon
101,75,50,26.59386409,81.40740301,6.242528277999999,109.9825551,banana
104,114,48,29.71046121,82.59939244,6.22415634,83.27698212,banana
93,85,49,27.96799119,79.28625709,5.694243847,119.4765557,banana
113,19,51,22.13912964,92.50500236,7.23274886,50.77146199,watermelon
113,31,74,26.64092856,67.68715881,8.42141055,41.70869564,watermelon
27,115,96,45.0,83.90052222,5.74739531,193.70879788,papaya
108,72,50,28.49153399,92.73855464,6.71940874,172.58981342,papaya
187,6,19,35.79519017,99.0,7.31367862,34.49977033,watermelon
7,28,35,30.02086169,46.78393776,4.66910839,96.63721027,mango
35,18,26,31.99490489,50.84881347,5.279388967,97.38741498,mango
149,123,23,33.24044132,97.71833858,6.49742947,195.81487404,banana
95,100,50,27.18902021,71.64330603,5.23088288,93.45247569,banana
12,31,26,35.7877738,51.94190321,5.395275719,100.2160615,mango
99,92,47,28.127950899999995,77.48247073,6.3239336470000005,103.5045395,banana
81,23,44,23.15448405,88.79387853,5.07143569,15.0,watermelon
14,98,86,45.0,91.18812665,7.07928344,15.0,papaya
110,95,39,30.63757714,79.3229757,5.82974261,161.53080278,banana
172,155,42,31.59832511,65.96175987,4.58601456,151.95368342,banana
9,39,1,32.91449727,61.86528976,6.47957009,97.50216177,mango
52,55,54,45.0,95.79934535,7.00075298,72.37020827,papaya
7,21,51,39.49125809,52.97112662,5.61825991,76.91051872,mango
28,81,63,45.0,93.83041691,5.81200568,177.06040208,papaya
15,36,27,27.78912455,53.96886679,5.6437102160000014,91.01152997,mango
102,28,54,25.15623099,80.27525115,6.862157042000001,55.49541453,watermelon
0,58,38,45.0,47.22723212,6.50640015,113.95822675,mango
122,83,57,27.31553179,87.71888528,5.83252435,121.98852138,banana
88,3,61,17.18858254,88.92242998,5.88091586,73.99480468,watermelon
81,97,46,21.47968822,93.13465651,4.92040492,93.15176473,banana
46,46,46,22.86201845,52.05864656,5.15742908,104.90656454,mango
190,38,54,24.16514179,84.50734795,6.92181636,53.29148675,watermelon
110,71,54,28.67208915,82.20793613,5.725418961,94.37987496,banana
90,16,48,26.02712237,76.81472295,6.73538399,35.41098256,watermelon
128,80,52,26.64774999,80.31697684,6.32893881,109.31224657,banana
137,75,45,28.26360919,78.9825635,6.67740876,115.25581124,banana
104,42,51,22.91108582,92.17833757,6.55112319,48.94511435,watermelon
71,29,42,26.3973242,84.56307034,7.06339234,55.18958673,watermelon
21,26,27,27.00315545,47.67525434,5.6995869720000005,95.85118326,mango
107,62,49,31.13356843,72.25292229,6.80775087,134.49762915,banana
97,74,45,26.47522633,78.51833782,5.677719902000001,113.1161095,banana
111,21,52,24.876501,58.89746518,4.61189864,170.80306317,banana
125,40,26,30.92025778,98.17522478,5.92578814,69.57648527,watermelon
148,13,47,26.09164847,81.82714446,5.63550239,60.84428342,watermelon
0,26,32,32.20583357,54.41689216,6.84697122,89.25873834,mango
13,39,21,40.56721131,42.23176587,3.61298508,104.92670156,mango
103,69,40,32.39736674,38.12675042,6.76605477,93.76979895,mango
108,91,74,14.0,92.4384586,6.5550829,98.34241638,papaya
21,47,45,36.9538334,92.1712754,6.34321122,326.77944385,papaya
34,41,44,42.77215505,94.65429924,6.67981282,146.10040105,papaya
102,68,56,25.98710237,84.0516363,5.37028432,121.37104909,banana
41,24,39,39.8954543,55.08103199,4.28809011,100.41557398,mango
38,61,52,31.22790131,94.94021378,6.620729882000001,46.44279118,papaya
108,22,46,26.17668721,86.72952049999998,6.121168559,53.33484977,watermelon
54,55,61,34.0531378,88.81135707,6.79626429,15.0,papaya
91,12,46,24.64458469,85.49938185,6.343942518,48.31219031,watermelon
32,46,31,32.32245799,52.68738864,4.9610961,102.95833875,mango
126,32,48,26.29021459,90.45953162,5.93757083,50.07528723,watermelon
26,37,30,35.39986338,49.45962621,6.166173833999999,97.41054011,mango
81,95,46,26.70755744,73.90181853,6.88320542,120.36682627,banana
142,154,42,27.94990756,96.80500044,5.62114769,162.94067675,banana
98,25,52,25.2801372,83.15393658,6.224066378,49.29456609,watermelon
42,63,48,39.22198495,91.67129409,6.50890261,99.04625305,papaya
69,20,48,25.56785328,84.65880045,6.92731016,78.74505155,watermelon
91,55,47,23.83213119,91.04909638,7.08641985,247.31379573,papaya
85,89,51,29.21144871,84.70189923,6.1581644220000005,108.5501443,banana
70,46,48,29.15697299,94.57990755,6.28686358,353.30082078,papaya
102,71,48,28.65456263,79.28693687,5.695267822000001,102.4633775,banana
60,45,54,45.0,89.95735415,7.32812789,259.70461172,papaya
23,57,57,37.61156485,92.76856308,6.2361126,99.63978547,papaya
90,74,45,26.64275731,76.93824461,6.27387635,111.46547396,banana
88,42,47,24.95536899,75.86683705,5.78947644,51.44961345,watermelon
91,78,52,26.67774448,83.07958242,5.6168125,94.73442193,banana
126,51,71,31.29124806,79.76840866,5.48158631,46.05818558,watermelon
41,63,52,30.17409188,90.81581312,6.93556314,226.59463915,papaya
91,94,46,29.36792366,76.24900101,6.149934034,92.82840911,banana
0,121,57,14.0,98.60910889,5.51809931,624.37959535,papaya
102,37,26,14.0,51.07185135,9.0,99.60292943,mango
19,45,29,31.39262183,52.12080363,6.13519048,86.40541656,mango
50,27,56,27.26985481,92.70188309,6.0431265,60.77009801,watermelon
90,86,55,27.96236771,84.15403614,5.644486582000001,97.55986676,banana
168,67,46,14.0,98.33162153,5.59398636,51.96949752,watermelon
82,17,59,28.47604191,99.0,8.05485963,31.60281637,watermelon
144,102,58,21.76345761,79.94173821,6.54046828,114.8844784,banana
135,16,50,25.26822939,91.73195709,5.6997246,37.7908433,watermelon
94,57,39,14.0,86.77119853,6.10382306,15.0,papaya
0,87,36,27.74637754,67.43088416,4.43415357,44.48569062,mango
94,0,38,20.78271546,99.0,7.20019537,77.73750824,watermelon
44,84,47,29.37134212,91.64214465,5.91263991,119.58136031,banana
64,77,54,35.19168241,89.53686201,6.2596347,269.22656282,papaya
127,69,38,45.0,75.44092919,7.69555225,15.0,papaya
106,68,45,32.74639988,81.5158512,5.42707901,92.99607446,banana
69,79,57,25.99827644,81.04440036,6.21437098,120.501358,banana
119,91,37,28.97177693,59.18871012,7.20773774,81.139282,banana
49,61,45,32.76795887,94.57377401,6.764213299,240.4795923,papaya
23,82,42,45.0,92.95930827,7.16016694,143.48197297,papaya
148,36,70,29.46570398,90.80485366,8.06634813,71.47986315,watermelon
0,21,32,35.89855625,54.25964196,6.430139436,92.19721736,mango
133,5,53,25.98287305,87.97147852,7.42992128,76.99845505,watermelon
79,63,43,39.24509029,89.05879311,6.65717511,15.0,papaya
76,104,45,25.77624015,88.94482533,6.11403416,113.72958768,banana
114,0,61,26.5374602,80.9098571,6.88090556,74.41972208,watermelon
107,67,54,30.2624666,77.00699755,4.95522442,130.62228457,banana
14,58,31,35.95641802,45.70930474,6.40467253,94.98352172,mango
91,75,55,27.48612983,76.11239849,6.212369363,109.2768851,banana
22,25,29,35.49125309,53.51900326,5.14890516,98.18418128,mango
78,92,44,25.85408715,76.94069647,6.04094903,114.11428452,banana
87,0,54,25.59437192,99.0,6.71492331,87.55580279,watermelon
40,28,43,25.4708142,51.17389906,4.71084735,88.76012241,mango
95,16,55,25.26931156,87.55055105,6.612847999,40.12650421,watermelon
34,34,35,27.27433181,47.16808054,6.422710539,95.257992,mango
115,25,24,31.15776624,31.00644577,5.17606038,101.33435711,mango
56,50,52,33.08706051,92.25197542,6.770384816,88.1300769,papaya
29,51,37,45.0,97.68863748,6.24726504,292.95845689,papaya
17,27,25,36.55405315,41.18173694,5.75259109,94.6880854,mango
28,83,43,41.79672491,92.65830289,6.74385867,38.52434665,papaya
147,62,43,14.0,97.46342324,5.97909408,32.42024574,papaya
0,47,38,35.87889367,42.00025751,3.62719232,83.91308524,mango
0,30,35,27.19177416,46.67379535,6.68354977,92.04174555,mango
53,67,52,16.19572459,95.05202177,6.89299299,56.69349513,papaya
83,9,63,26.75352033,91.20404249,7.09915799,64.50742457,watermelon
105,77,52,29.16226551,76.16151562,5.816622478999999,100.0075679,banana
100,75,30,30.80802165,78.58717069,6.71059019,93.04548582,banana
97,57,55,26.38647877,71.76209147,5.03186473,113.37050038,banana
110,28,46,24.29105004,88.04541346,6.49889585,51.26046418,watermelon
124,77,54,24.96181597,74.39162185,6.10178432,115.53256378,banana
62,0,46,21.47678455,96.65121691,5.41651412,28.92810781,watermelon
57,64,55,26.68386496,92.9585411,6.583760498999999,62.50689682,papaya
64,23,66,25.39949428,79.75331562,4.66683901,63.92695375,watermelon
60,74,62,45.0,89.84766128,6.59207455,108.53369042,papaya
80,33,41,31.03086294,97.94357752,7.4899665,35.4263824,watermelon
0,41,22,32.40709477,43.99307434,5.81598532,87.27737649,mango
14,19,22,27.08755563,46.53822379,5.88758221,98.61105189,mango
100,124,50,27.86036575,69.59142962,7.0303432,135.23493951,banana
128,15,52,26.00895304,80.16873731,6.76575827,49.35584478,watermelon
74,63,49,31.04821522,81.38651641,6.56077234,85.47942881,banana
92,7,49,25.3400368,78.86279428,6.8764069,49.58777217,watermelon
19,42,29,35.27542381,51.68684976,6.39985344,99.32204583,mango
40,45,29,26.20090103,45.72244714,5.24168307,87.10414418,mango
0,47,29,29.27616368,45.19422489,4.72415886,97.73279478,mango
109,86,46,26.71501914,74.6463299,6.44388235,115.25885738,banana
114,85,37,26.01457243,71.87809338,6.02995962,118.21206579,banana
80,90,47,26.59743595,79.35898915,6.21084479,107.3944717,banana
70,16,66,25.96979678,81.33767517,7.63007073,122.91244981,banana
94,90,47,16.2986448,99.0,6.42236959,85.93559141,banana
87,92,55,23.74948997,83.80437303,5.99836442,117.14129846,banana
33,46,21,22.86225681,49.92157811,4.09992222,95.48845131,mango
13,24,26,33.3131741,50.31157847,4.84184553,92.75066385,mango
121,76,46,38.97954464,88.29533487,6.42000684,123.98496367,banana
39,69,46,43.31721923,93.10408895,6.9661832,161.45872436,papaya
21,50,51,20.71232484,93.73276879,6.65334008,15.0,papaya
88,61,51,38.57146967,90.9112975,6.74215683,15.0,papaya
0,34,25,30.18234724,37.78237188,6.67989568,92.66481736,mango
0,16,18,32.22320635,43.75995795,6.99491644,97.08089924,mango
0,23,22,32.46780843,51.05848241,5.28139838,102.54849848,mango
45,57,47,23.16855863,90.78821158,6.656458831,161.68920930000004,papaya
116,81,49,26.45203085,83.15385497,5.62520824,107.40928164,banana
114,0,50,25.0588099,87.97804023,6.65761671,49.09498441,watermelon
20,30,36,16.93358704,94.69173363,6.42576301,243.41238845,papaya
65,63,50,31.88342554,91.3256535,6.524459342,79.27201575,papaya
41,43,23,31.21447328,49.72560766,3.5,101.60710914,mango
106,74,42,31.06070266,71.2573251,5.20518352,84.79282843,banana
102,104,57,26.65552599,77.46154186,5.8419145,101.7071675,banana
0,0,40,32.65968863,54.45563186,7.51940022,89.29916762,mango
34,36,39,32.72240897,50.46008256,7.19312041,96.09209009,mango
35,10,22,18.72606398,50.23639406,3.5,99.17627895,mango
66,90,50,30.03407696,83.98749818,5.84859847,118.13428247,banana
100,110,26,19.77758968,72.34431694,7.26439907,116.50253686,banana
88,54,41,30.32452211,93.65341074,6.72985906,165.70421022,papaya
39,56,47,15.82182363,89.17841165,6.74350842,109.54850417,papaya
15,8,22,26.62809874,47.68019754,3.5,90.62017054,mango
80,1,64,23.64248273,86.19713083,7.43272681,27.07494534,watermelon
65,83,36,40.45204258,88.47854762,6.35000389,218.50656009,papaya
0,44,32,22.30004498,92.61917658,6.88904538,15.0,papaya
71,0,60,23.8459986,96.94835023,7.23880458,25.45038007,watermelon
45,26,35,23.29717667,58.90767109,6.82095555,100.09788038,mango
15,68,52,33.32794522,90.88673201,6.76134054,310.55693434,papaya
56,59,56,31.94801889,94.22521193,6.87615034,475.72541616,papaya
79,20,50,27.40866392,82.74935697,7.07996228,63.52683357,watermelon
112,13,52,23.60592553,83.88901173,6.83033174,37.60381858,watermelon
76,0,54,23.80968156,86.10096038,6.18628587,32.36983564,watermelon
8,54,58,21.55461514,94.82671237,6.73616231,64.68687237,papaya
23,11,36,29.00080883,61.80511571,7.79646004,84.96911153,mango
47,42,54,24.49404022,90.40801893,4.63569797,86.31838644,watermelon
29,77,36,36.20642962,54.69065751,5.17414524,80.80677595,mango
16,51,56,36.15676923,90.98015482,5.28032244,180.08104396,papaya
56,85,54,23.77279414,91.84090146,6.93115527,295.45007807,papaya
56,61,36,37.57145096,50.02225836,8.31353314,127.20199355,mango
39,68,56,23.40182551,99.0,6.4657016,111.21095432,banana
101,92,45,28.22776705,80.64303840000002,5.758054257,98.00403016,banana
49,17,30,39.35001427,49.51467164,6.60729271,94.52834085,mango
44,92,29,20.80150043,86.56689979,5.00338536,110.97586028,banana
111,26,35,27.81921533,85.51186481,5.49386755,93.55109586,watermelon
100,54,49,29.14196225,82.7382705,5.96403409,81.74181954,banana
58,35,48,25.34777632,90.18122912,6.47491533,254.6377577,papaya
23,44,56,18.16523558,84.21392293,5.92856703,275.15111174,papaya
102,73,54,26.4020227,84.41007614,5.720726906,111.0162259,banana
12,34,28,33.36140093,45.02236377,6.13526938,98.81596545,mango
0,19,66,45.0,51.60258169,6.92987838,86.24257728,mango
0,9,37,31.19306978,55.40638149,6.85956726,94.51384828,mango
0,37,27,35.98624192,41.1523027,4.60965255,84.78618392,mango
89,86,59,23.41693509,84.1280589,5.91502119,100.86946321,banana
59,66,36,20.9215776,87.91360361,7.24484962,51.42313816,watermelon
0,83,39,45.0,97.55120874,6.89548505,245.46051993,papaya
92,29,47,29.58380414,87.40227026,6.8405053,62.38415006,watermelon
14,47,33,33.39550166,41.77594056,7.0071558,99.59898498,mango
60,104,47,30.46997978,93.28322146,7.38760606,119.62626285,banana
63,52,55,28.39269939,94.92817416,6.50495824,15.0,papaya
34,65,48,41.41968393,90.03863107,6.665024507999999,199.3096432,papaya
69,66,49,40.00439101,90.17015833,6.52711001,92.11877372,papaya
17,29,32,28.07045441,51.06533387,4.72519286,86.5773563,mango
6,4,24,32.79097256,45.5049943,4.50788983,101.94610061,mango
114,73,51,28.49353317,75.1982553,6.50526793,88.70299835,banana
94,82,50,29.21702132,78.54565138,5.39568437,103.61436135,banana
63,89,52,14.0,92.1421412,6.89009079,293.14582503,papaya
104,61,51,28.71229389,86.82197596,6.39296908,90.49298274,banana
44,34,51,30.07669977,86.64280226,4.88728461,28.70346824,watermelon
49,73,46,29.04878229,91.5110842,6.91571748,144.907007,papaya
0,52,51,14.56719911,91.5428233,6.70965763,189.71541232,papaya
78,53,45,45.0,92.94200206,6.52257571,89.44278499,papaya
26,72,37,38.76183071,89.39533458,6.84780768,276.71810914,papaya
95,90,61,21.10703546,86.1310648,5.93881189,109.50359504,banana
20,30,27,27.81005614,51.59445462,4.74910393,95.89898581,mango
115,12,54,26.16448968,85.26573046,6.29024294,66.26416334,watermelon
0,14,26,24.80841218,54.62319455,5.22913231,98.66912559,mango
99,73,53,26.29039046,81.06003778,5.8717022110000014,118.6730366,banana
126,23,47,28.71876053,87.12703821,6.89035985,55.09600674,watermelon
79,87,46,29.06028925,73.11183217,5.60148781,107.0484958,banana
117,82,45,25.29391516,79.29122198,5.614471478,105.4220251,banana
3,18,31,31.65333432,48.20662669,6.392313972999999,91.09745581,mango
0,57,37,14.0,46.7274861,9.0,104.14452448,mango
87,97,56,28.96578134,84.11627405,5.02899214,106.55335025,banana
146,0,78,29.59934914,95.21445068,6.30706383,15.0,watermelon
63,51,49,45.0,90.77244231,7.15359626,59.15042646,papaya
54,30,50,45.0,93.34171732,6.22415338,107.65256702,papaya
0,30,14,45.0,58.97762307,6.2340841,80.14295491,mango
40,11,23,30.92120022,44.98283249,6.90201093,98.06608781,mango
51,28,22,29.10149803,52.3952905,6.86727285,95.50339094,mango
156,0,46,24.82923431,78.49411739,6.6706117,49.37690999,watermelon
12,59,34,38.6863331,41.53937007,3.5,107.10544651,mango
100,55,51,27.85412586,79.17325495,5.8378177,91.45379527,banana
91,6,61,27.4793236,88.89959038,7.02000673,51.35842033,watermelon
97,95,45,26.79545796,80.9832403,7.06749876,100.03011232,banana
111,18,51,23.86547037,88.67482713,5.84417314,44.79677788,watermelon
0,36,30,35.57353827,51.2428094,5.46691961,94.47846105,mango
77,12,50,27.3770113,92.58722808,6.0279252,51.88101091,watermelon
22,58,54,36.57656252,99.0,6.09337396,20.51085141,watermelon
44,57,53,42.30495821,90.51431779,6.93172108,74.876786,papaya
12,59,59,25.49510634,89.07328111,6.49539907,212.67238664,papaya
55,45,26,28.43179249,48.41848982,4.34161432,86.75336696,mango
111,87,48,26.3985515,81.36028902,5.571401169,98.16752001,banana
90,22,42,26.96110935,84.82975264,7.04079876,62.64611516,watermelon
39,18,40,31.64690695,39.01750583,9.0,66.40417708,mango
99,6,44,23.85154124,87.36232915,6.53496266,69.0310334,watermelon
115,101,45,24.96846329,76.93875052,6.03767059,99.97945361,banana
17,26,38,41.43708125,26.73189633,8.83697152,106.38411141,mango
104,44,52,25.71960033,82.26698368,5.93948515,56.5984709,watermelon
14,29,32,35.63627319,48.97047762,6.942520105,97.51952041,mango
72,56,52,35.87564773,94.86332866,6.62577314,152.58551504,papaya
122,0,47,25.02494899,91.78589399,6.53080443,46.97165139,watermelon
43,26,30,36.20002671,55.09127427,7.39883744,93.85536186,mango
118,18,46,24.78176131,84.03914994,4.45565881,58.34752945,watermelon
0,14,29,19.130177,63.48613297,3.81029868,104.4766594,mango
59,73,59,45.0,95.30410995,6.44752539,166.98881387,papaya
0,43,36,45.0,51.63606018,6.24981854,91.50516674,mango
80,69,50,23.7628187,85.26672076,6.17430357,98.56006069,banana
26,27,36,25.89200869,41.35664531,3.88413001,88.34735541,mango
159,26,11,24.24341591,50.25824761,4.84156065,112.18762399,mango
48,115,15,24.96655777,36.13683141,6.09305238,82.24845032,mango
115,108,62,27.19241216,69.66707109,6.00011406,106.34593649,banana
116,89,55,31.0569855,80.86157999,6.15741716,117.98202464,banana
98,61,58,24.79578079,84.53576995,6.44114506,100.67903118,banana
98,8,51,26.1793464,86.52258079,6.25933595,49.43050977,watermelon
42,4,60,45.0,61.02291618,5.85427302,170.45928705,banana
0,79,60,14.0,81.01522564,7.11113407,127.26548789,papaya
50,25,23,30.77953399,49.93024199,7.64706884,103.24114093,mango
35,30,28,27.16763196,51.74752889,5.34951829,96.10533488,mango
124,87,54,45.0,99.0,6.64709848,147.19211748,papaya
49,72,58,17.90723255,85.47897591,7.26397079,274.43549591,papaya
3,4,60,38.98781969,81.08101803,6.12939476,113.27363598,papaya
0,14,31,34.50382322,48.4531298,4.92948568,104.77569181,mango
31,16,34,35.89504218,44.80689833,4.56631029,91.84047333,mango
88,42,15,23.03064787,49.75099508,5.60501517,88.44911871,mango
71,17,26,31.45339216,92.40129755,5.01073463,53.73127839,watermelon
11,36,33,35.99009679,52.22780489,5.978634285,95.3713484,mango
68,13,36,30.87729646,45.99198296,8.37371111,103.93166908,mango
56,90,36,28.75450726,79.0119282,7.86720096,96.05810683,banana
0,15,34,40.41966269,52.19474855,3.5,97.44107732,mango
18,2,13,14.0,70.59389083,3.95564319,88.5148379,mango
100,17,52,29.20816684,86.62122557,6.48682186,42.13818253,watermelon
105,20,53,22.09644967,83.28914117,6.91173342,57.72480012,watermelon
124,26,51,26.79088657,77.7809376,6.72300611,64.38212364,watermelon
79,91,43,27.85782806,77.42724716,6.60403361,85.56639237,banana
0,0,47,34.71404589,54.13104613,3.5,63.21241867,mango
0,25,34,29.91632169,48.60650826,5.34611675,96.65898534,mango
84,46,53,26.49034719,84.5577054,6.12880814,44.22940763,watermelon
29,59,42,35.60319591,92.39630417,6.91762767,349.28372278,papaya
53,60,48,27.81934673,98.28115466,6.92905158,69.65550858,papaya
119,93,46,30.82646466,86.76982565,5.97427067,110.70872948,banana
5,32,33,32.32362177,52.58967710000001,5.842763773,93.36718816,mango
43,77,49,40.5292336,94.55835711,6.49897309,15.0,papaya
95,53,52,39.15960531,94.68776736,6.49725274,138.39743726,papaya
105,80,46,28.39735476,83.63295446,5.59651371,92.19075153,banana
85,17,42,26.07586043,87.8879467,5.82762669,51.02442188,watermelon
123,2,42,28.07965528,76.50740019,7.31803862,71.12869927,watermelon
133,92,35,27.01231424,81.28709648,5.3721015,117.37401772,banana
123,90,54,27.95361251,87.49616037,6.32930973,96.36062918,banana
60,61,49,45.0,96.08973314,6.949165,91.2164054,papaya
125,88,47,24.11619576,75.88013774,5.96314372,117.32124357,banana
115,11,46,24.41592661,89.39655519,6.623167177000001,40.32161859,watermelon
95,82,48,27.39489579,83.31172003,5.719014989,92.78133617,banana
0,51,24,20.07452453,65.02139137,8.46539447,93.88645044,mango
35,43,55,37.72417364,73.24912645,6.52141226,15.0,banana
42,59,55,40.10207731,94.35110201,6.979102243,149.1199989,papaya
60,61,54,26.29596231,91.77825156,7.05133134,124.55833747,papaya
14,18,35,31.09154239,47.02058367,4.791146778,91.46664318,mango
16,16,34,30.10938382,54.40415355,5.89239804,91.33168723,mango
22,52,55,26.56608071,99.0,6.84485164,166.9830547,papaya
62,64,47,14.0,93.23169226,6.79277289,366.17102141,papaya
23,23,26,24.13837436,47.15226944,3.5,88.68493121,mango
63,53,51,36.44784624,92.57990763,6.51069194,151.17327268,papaya
139,89,64,26.02089108,89.93061926,5.11881595,86.62052444,banana
95,74,50,25.90113128,80.47152737,6.002481605,110.10323,banana
0,25,23,23.11270497,53.48963864,6.43218517,84.53791271,mango
127,0,45,27.95852346,84.5525769,5.54060283,28.3128697,watermelon
88,77,54,28.61227514,82.90695362,5.72047137,74.21358793,banana
91,79,49,25.71958045,78.52039377,5.87034039,78.1840134,banana
102,14,52,26.79489868,89.64815231,6.51075991,57.74091817,watermelon
111,5,55,26.283443,84.42478917,6.520663422,50.78669728,watermelon
117,7,43,26.4128614,94.184435,6.82339785,54.17339955,watermelon
123,10,48,25.94046786,85.23998333,7.00354802,52.61185853,watermelon
34,62,15,18.29593182,46.32102253,9.0,99.18607718,mango
85,0,50,23.81207768,88.35955763,6.15189967,53.63483183,watermelon
117,79,49,25.40909896,82.36208097,6.176644228,112.9794804,banana
56,73,48,27.46067668,95.66270527,6.81810373,116.83359587,papaya
0,7,28,40.72432124,40.35325347,3.5,113.03855709,mango
56,94,45,25.3253603,86.18184352,5.64499658,90.09481818,banana
40,68,57,42.02970494,87.49705165,7.14177892,15.0,papaya
0,0,60,23.36391079,88.76256789,6.95982845,15.0,papaya
77,74,28,19.41673681,85.37115647,5.65314024,48.19969427,papaya
0,52,16,26.76559039,57.18310536,8.754628,96.03079279,mango
111,29,48,26.25176446,90.84998289,6.25180519,67.3864183,watermelon
64,50,31,26.44450579,52.2486828,3.5,100.56030453,mango
107,21,50,26.97762214,80.68354309,6.35235354,46.92902092,watermelon
123,72,44,30.93759806,81.80371667,6.05537747,126.74411997,banana
29,34,26,33.88004781,54.39416048,6.2739536760000005,89.29147581,mango
39,47,26,30.3925786,44.64545232,4.84253251,92.98376806,mango
76,72,38,26.70882869,99.0,4.38969985,60.93545314,banana
15,28,56,25.681111,83.98968043,7.12189632,15.0,watermelon
127,23,51,24.81507153,97.27043806,5.72756239,60.01949007,watermelon
145,81,53,28.39181861,82.76783611,6.94246891,112.48546101,banana
128,59,43,23.91581063,99.0,5.96469795,174.96700463,banana
36,53,54,14.0,86.08649251,6.26321014,84.6670759,papaya
70,56,46,44.54984599,94.15384812,6.73133601,294.29432985,papaya
107,97,58,28.51070168,73.08756273,6.67892958,109.1763051,banana
120,98,40,40.64434975,86.77759253,6.06871284,130.84754383,papaya
26,10,34,38.07239903,48.76992192,4.98059948,104.51956278,mango
109,78,43,29.33612466,78.26644153,5.64270349,135.51950472,banana
20,33,29,26.12296639,50.59981381,5.45086994,97.385038,mango
75,32,53,25.0128255,84.39697976,6.97770815,55.9390829,watermelon
78,15,48,27.00479468,88.69336329,6.97078498,42.17337556,watermelon
122,28,46,25.88856248,85.13191931,6.85048429,47.46539596,watermelon
58,64,52,24.44262768,86.5414281,5.99000255,94.1378198,banana
91,68,33,26.80684074,92.28558136,6.85814755,15.0,papaya
58,68,44,40.00316833,93.0131224,6.80710781,90.603733,papaya
72,46,80,36.33415974,99.0,5.58268396,111.65521662,banana
12,19,31,27.25373364,52.66319725,5.566704378,91.87312479,mango
119,78,50,26.77341646,82.29799678,6.58750673,98.21244852,banana
77,84,40,27.71605286,85.72513724,7.72697737,120.96113925,papaya
165,0,37,25.53483165,76.04289542,7.22459302,68.66004313,watermelon
40,0,47,21.51206743,56.11619015,4.55976561,89.71122669,mango
120,102,62,28.11307243,76.997993,6.66577267,72.38809776,banana
56,59,42,31.37681439,91.82493674,6.80944669,15.0,papaya
112,87,48,27.19711623,77.39706290000002,6.200111067999999,99.46950465,banana
68,100,40,29.78018679,83.95805762,6.72957268,66.9259344,banana
134,58,56,23.98116013,76.23386158,6.53914557,124.88632772,banana
66,35,48,45.0,92.38617743,7.0675953,166.88910695,papaya
164,71,68,16.96075997,92.71367045,5.58456164,109.81458045,banana
111,96,57,35.82004446,84.4924752,6.52402377,111.71637956,banana
60,76,48,20.79025015,48.57116379,6.43181309,80.23422641,mango
46,59,57,45.0,98.08568016,7.22747544,208.67872562,papaya
15,20,25,33.61799741,51.45142686,5.17673214,83.72266001,mango
101,8,45,26.84019089,88.32827793,6.05491229,57.8013462,watermelon
101,87,54,29.07311132,76.50045221,6.376756632999999,100.1692639,banana
43,64,47,38.58954491,91.58076549,6.8256647820000005,102.2708231,papaya
99,6,45,26.12588914,86.5507939,6.000975617000001,40.71210074,watermelon
14,58,45,18.2867412,93.18872079,6.84165297,192.714373,papaya
40,0,20,26.21034517,55.25566938,6.25262009,100.04487725,mango
115,16,49,26.69181845,86.69814573,6.54283547,47.35656933,watermelon
44,25,38,26.55934298,49.01335283,5.7776436,92.28052049,mango
109,14,45,27.20260978,83.37140258,6.5822202,37.5327083,watermelon
109,15,49,24.14660816,78.8495943,6.3023181,46.44910765,watermelon
129,27,54,18.35743987,72.46031933,4.67369106,64.18543997,watermelon
21,59,48,37.27352529,91.26116982,6.8851408,163.07593636,papaya
37,0,50,20.00522245,99.0,6.45056176,15.0,papaya
88,35,40,25.04357454,75.47497798,6.3214665,55.43107689,watermelon
92,85,52,29.63795002,74.89346608,5.70284084,86.51070975,banana
113,39,55,24.69421557,91.73664799,6.30580985,73.02737597,papaya
41,51,52,37.59502862,94.03022392,7.12589544,234.7220094,papaya
76,35,45,27.58134252,82.83972954,6.38023665,60.46410814,watermelon
34,58,57,32.9330694,94.74692321,6.35641324,147.98303523,papaya
40,73,51,29.14490291,88.93053407,6.72648299,233.25625828,papaya
86,72,46,18.47707038,86.46284765,6.55346206,97.93395054,banana
118,13,68,14.0,88.85842356,7.18378272,92.16934068,papaya
140,12,48,24.4005497,79.41662075,6.7154655,55.69982445,watermelon
166,77,36,23.07542593,66.31620555,6.34787421,79.85596008,banana
67,19,56,24.68554762,87.82221005,5.75337571,43.38901898,watermelon
29,35,28,28.347161100000005,53.53903102,6.9674177660000005,90.40260445,mango
82,90,68,31.88583405,88.06353976,3.98661218,78.64219076,banana
109,99,56,29.19567122,83.77799111,5.85916296,89.42087658,banana
120,20,45,25.66576039,88.6984228,6.114128685,54.22722466,watermelon
71,0,55,25.3521363,81.8511942,6.35029632,59.25832332,watermelon
44,60,55,34.2804607,90.55561637,6.825371185,98.54047745,papaya
75,107,37,45.0,97.91415084,6.28730324,130.64859879,papaya
22,63,32,34.93518314,44.77903416,8.18056603,108.26443396,mango
134,76,49,33.55057502,88.06940659,6.90691705,107.08385773,banana
0,18,34,32.84252644,44.89355312,6.22421212,87.93419574,mango
0,43,42,28.052248,61.15643171,6.86656153,92.95269912,mango
97,67,48,27.33296522,84.55802863,6.47168165,108.10532611,banana
43,87,48,20.57462026,91.13222335,6.87623387,362.67349559,papaya
52,84,54,25.71406344,79.27222022,5.55238756,106.32585132,banana
51,19,81,20.65137217,91.78995898,7.17324614,144.29682254,papaya
99,59,45,25.12329466,77.37058411,6.07509839,119.11870395,banana
46,53,46,30.92808055,90.61285706,7.14049663,191.59130847,papaya
36,3,24,32.30483359,49.82423625,3.5,91.28911192,mango
28,8,27,43.801262,51.68273894,5.47473153,102.35591067,mango
130,65,45,21.89591487,89.81460292,6.06946553,115.51691081,banana
0,25,28,28.45003298,46.50740909,5.82207409,94.09805803,mango
135,53,50,27.41644511,99.0,6.18922104,56.38040878,watermelon
65,10,55,27.7812782,92.4891347,5.48223217,42.3531282,watermelon
104,100,50,30.66520859,68.66830075,6.80605509,119.80085102,banana
102,19,40,26.84790012,92.53556831,5.90097171,58.68633282,watermelon
94,70,48,25.13686519,84.88394407,6.195152442,91.46442491,banana
50,46,52,31.18298415,90.21646909,6.734005647999999,54.01872359,papaya
0,0,61,14.0,85.3427922,6.51392932,15.0,papaya
0,9,21,31.2204428,47.72149314,6.26398076,88.00465535,mango
3,25,31,41.27050363,46.41693478,3.5,86.72975308,mango
53,35,54,23.59333147,88.45382253,6.87241771,52.06264416,watermelon
80,51,47,30.8581896,63.22179342,6.02171298,138.63414368,banana
43,50,48,28.28222883,91.37059792,6.63016515,179.27208069999998,papaya
103,89,44,21.47919135,93.1773516,6.48651528,58.72313924,banana
132,75,48,27.27521061,74.72558469,5.19530018,109.14103063,banana
109,21,55,24.9004602,89.73524177,6.770278088,57.44942094,watermelon
26,33,24,29.40644724,52.44546222,6.97303967,104.69708994,mango
0,14,35,30.37267974,53.4673003,6.06985451,93.83048602,mango
26,48,51,37.18023939,94.91298044,6.0678034,213.68821207,papaya
7,25,33,27.88868584,58.05863262,4.80177143,94.3940323,mango
0,26,32,34.66072437,42.49994438,5.91013758,93.91004242,mango
99,13,39,26.76186736,83.21042274,6.32361331,37.07400917,watermelon
105,93,46,25.01018457,78.76260938,5.760457558,108.3690513,banana
10,28,23,40.07652402,49.06073878,4.85859197,95.18277042,mango
13,28,28,34.58794209,54.76811978,6.19617551,97.13964498,mango
80,0,23,28.92964382,48.35632702,6.55760217,85.85148858,mango
60,50,56,27.95833873,94.10450655,6.60658179,15.0,papaya
67,59,46,43.24078097,92.32759902,6.28798324,20.53884273,papaya
23,35,30,35.06540113,40.94547269,7.28951584,96.42934722,mango
77,92,48,28.55405545,82.33433138,5.41803134,95.88236134,banana
51,26,29,26.75393102,57.60009944,9.0,65.82276475,mango
27,37,33,27.58554255,50.09346152,4.36149346,87.97811311,mango
18,25,42,27.18592786,84.83201682,5.96996452,40.51226255,watermelon
97,1,51,26.25519334,93.43553563,6.64175974,46.4690606,watermelon
23,23,30,32.82141065,47.45553843,4.755273631000001,90.89173106,mango
0,8,38,27.50404024,54.22987253,5.82318422,101.55961852,mango
91,48,35,23.9930829,88.19037323,6.27896078,517.20171085,papaya
85,25,47,26.11440416,87.64081095,6.29542477,58.48160844,watermelon
49,68,52,29.44974495,96.21888852,6.86051236,29.90011647,papaya
92,143,58,17.70384735,53.02910366,4.6636329,21.85802054,banana
111,70,53,25.36491702,69.20712574,5.55585105,117.58343099,banana
106,18,30,30.17298242,99.0,6.1200008,37.1860443,watermelon
143,89,33,20.06564118,75.72336024,4.56956432,100.94871131,banana
47,57,43,28.07925388,93.38681316,6.66524815,15.0,papaya
47,51,41,22.00905281,60.40732844,6.85641773,97.05471455,mango
0,0,46,24.46071137,38.53833328,5.21288793,89.95763605,mango
86,67,56,25.74295944,73.22484966,5.93165585,84.97026215,banana
112,47,48,45.0,92.64048743,6.75483855,360.996775,papaya
62,27,27,26.99896763,46.25213232,4.3526461,91.21658717,mango
131,76,42,26.64492327,76.86900467,5.35816887,119.21343331,banana
93,0,36,23.51556185,95.27356407,7.12702335,37.07321121,watermelon
48,56,59,30.45007369,97.10256955,6.79379659,57.17933617,banana
22,16,37,27.51213614,55.51961351,5.48145333,87.59753242,mango
0,37,27,41.9124288,54.12938098,3.84695411,93.93816346,mango
113,65,53,28.72169337,82.34289575,6.24556172,109.28774312,banana
45,60,27,31.55823807,67.63224617,5.25131709,113.52084409,banana
7,56,68,45.0,90.63798659,7.61051169,15.0,papaya
106,24,56,22.77278017,88.40088525,6.1475622,49.2182299,watermelon
60,0,32,24.07921876,39.14374698,8.75156212,94.16053832,mango
34,78,57,33.68152082,91.73515618,6.32273663,111.45017006,papaya
56,15,25,28.91285365,58.18478812,4.72988934,99.5206405,mango
46,59,53,36.29165354,94.97205299,6.55301185,180.33719883,papaya
37,38,32,31.85744939,45.53106268,5.417340525,91.55845821,mango
69,85,49,30.17796424,75.23860149,6.41738367,88.46803016,banana
64,69,45,34.1902321,96.55209834,7.17973449,15.0,papaya
31,65,58,39.95341928,94.7115642,6.77694898,41.92840242,papaya
60,52,23,23.57491041,37.39038988,5.1152305,101.41881543,mango
90,15,36,26.41900109,77.96137608,5.79549559,41.5617282,watermelon
66,80,46,23.00808545,87.07490477,6.51448448,76.84458489,banana
40,16,35,34.16438906,54.16482251,4.954739564,98.33351125,mango
69,81,67,25.33074913,91.14986757,6.30826443,120.0906157,banana
22,45,61,39.84661402,86.6550853,6.00285406,292.57736611,papaya
62,53,57,14.0,91.90746972,6.94509477,15.0,papaya
25,67,40,14.0,89.22510604,7.20157964,15.41214356,papaya
151,92,60,29.28624575,95.89356237,5.52388949,113.37681777,banana
54,67,52,35.67667332,93.30641944,6.586107335,141.3381168,papaya
89,22,52,24.89681131,86.10782926,6.217300786,53.14626213,watermelon
106,70,55,25.86824781,78.52399914,5.74055541,116.3019555,banana
40,23,33,26.96085495,52.09018156,4.68856343,92.72990146,mango
104,71,71,35.49413431,81.85772868,6.03904868,121.81166453,banana
77,79,45,27.37971227,79.8789507,6.46324099,117.22334953,banana
36,22,23,32.89732637,51.86738292,6.09347642,84.59288825,mango
20,39,29,33.80800878,46.74352868,5.52107301,92.80199525,mango
80,77,49,26.05433004,79.39654531,5.519088423,113.2297373,banana
94,66,48,28.64992111,86.33801524,5.47086322,53.22182369,watermelon
45,16,30,33.54407369,50.33519633,6.53460185,95.78235874,mango
102,87,50,29.5614764,81.30139752,5.67407219,130.19667185,banana
145,98,38,24.63529018,75.68125022,7.51426243,17.02300585,banana
128,43,51,28.65201105,95.80159812,6.16940903,64.08250303,watermelon
51,40,29,35.25738933,55.49382775,5.35271532,104.33502221,mango
149,74,53,33.12652104,93.727387,7.11896962,85.37789376,banana
107,72,45,28.14938935,81.54448882,5.790768046,91.40508414,banana
113,42,35,27.82755514,92.67419185,6.03366078,37.18053946,banana
35,84,47,30.5418047,88.47416466,6.49660847,15.0,papaya
49,0,70,14.0,67.01615068,6.45157922,76.29068561,watermelon
101,104,46,27.42207052,79.30067361,5.73140458,94.95824165,banana
0,30,18,27.751675,35.4436387,7.51739752,91.30464145,mango
0,69,10,32.02998612,42.78093769,5.89080225,88.64888732,mango
50,64,49,37.86647805,96.66472535,6.55483568,79.20061715,papaya
0,35,31,37.9137086,49.23173587,6.28712654,92.93655851,mango
39,64,53,23.012401800000006,91.07355541,6.598860305,208.3357976,papaya
117,86,48,28.6956201,82.54195839,6.225225238999999,116.1616839,banana
114,103,55,24.99119999,88.59047868,6.31823529,119.08472945,banana
116,71,47,27.57278064,82.0638878,6.435785799,91.34276507,banana
50,0,34,15.49485683,88.10005686,6.61409949,111.20954636,papaya
110,82,73,20.32622756,67.03411725,4.90426034,15.73815793,banana
0,0,30,31.62380371,54.22389062,5.33672987,89.56433512,mango
121,15,55,26.53757349,93.29741568,6.97181448,46.75334623,watermelon
48,30,48,25.7874071,82.07485338,6.55613425,54.38197682,watermelon
15,43,64,30.27629719,78.93372677,5.57184529,146.58971892,banana
74,29,51,23.70218987,88.97739387,6.17729154,45.14209683,watermelon
33,79,53,45.0,90.52821147,6.85768755,360.31264003,papaya
101,20,48,24.6774157,82.75411437,6.206247493999999,57.05709413,watermelon
175,89,39,29.9273941,91.87854577,3.5,65.41145444,banana
103,18,56,24.16313047,77.82114085,6.39076182,25.61060777,watermelon
36,26,26,30.17294105,51.0845903,6.814630246,95.23444287,mango
0,4,46,25.16123192,92.60546853,4.85635385,115.034952,watermelon
100,83,31,33.41866023,89.23813148,5.00084254,132.96966132,banana
52,38,50,35.09374031,96.17776089,6.46870229,289.56368076,papaya
32,35,27,30.71563981,50.52340172,6.11132585,96.09125072,mango
120,136,45,25.49046638,62.70675056,6.99475791,89.02355475,banana
104,14,47,29.25802917,85.71576414,6.36943169,37.07127681,watermelon
97,18,54,27.17213783,80.04040632,7.02153469,57.22143816,watermelon
58,50,51,34.4353923,90.53212828,6.67565269,126.94966572,papaya
8,33,29,29.98080499,49.48613279,6.442393461,91.82271568,mango
27,61,60,33.39703687,91.00883136,6.37886212,15.0,papaya
28,66,56,22.73182695,88.5487371,6.66600356,146.70423246,papaya
0,71,32,40.09812406,66.61703265,3.74830113,88.75997401,mango
7,31,27,31.32863689,47.59319575,6.524114355,94.67344737,mango
1,22,35,34.31609556,48.75780919,4.41990601,105.39659211,mango
22,36,18,40.20016509,54.89583284,6.02721941,79.61410532,mango
180,138,74,28.96553837,89.59112483,3.5,159.97938242,banana
65,177,33,36.51898432,89.80977564,5.61251274,68.8840409,banana
1,29,29,27.32961444,49.30347234,6.052026047000001,93.53197359,mango
58,46,45,42.39413392,90.79028064,6.576261427,88.46607497,papaya
44,20,28,29.61231039,46.25699366,7.09279605,87.38355178,mango
0,50,61,23.91596715,90.7698035,6.6470892,15.0,papaya
0,50,20,27.95999564,39.49354068,7.45184287,126.91140724,mango
23,0,35,14.0,51.38761566,6.53979862,95.07004297,mango
85,95,47,25.94019018,78.3422098,6.211833161,119.84797,banana
0,12,71,34.06509275,99.0,6.52646231,15.0,papaya
56,27,47,29.50539187,78.00450676,5.61196073,100.13871847,banana
119,81,60,24.8826902,77.13803663,6.48385496,160.58196676,banana
107,66,47,39.62563974,95.50090696,6.71941181,92.71929139,papaya
51,60,53,37.46739673,89.78942163,6.58380576,61.79615246,papaya
65,0,69,20.53533432,74.18645628,6.19703477,49.15642963,watermelon
0,21,34,45.0,38.46996879,8.11899217,124.80711146,mango
156,54,49,25.52221532,80.9263524,6.52863457,65.38002842,banana
83,9,45,25.85483596,89.13163965,6.049609892,46.85176955,watermelon
53,53,55,25.45595293,96.1661569,6.69513448,86.94661227,papaya
92,44,57,22.18854894,81.54471895,5.85210197,51.81477239,watermelon
68,76,50,38.64021879,93.02748116,6.96303486,227.4618272,papaya
92,41,58,41.04358233,91.54840923,6.81044691,229.45300533,papaya
112,0,53,27.13084393,80.40139406,6.70270022,61.86785137,watermelon
54,45,31,24.64791856,40.83154537,6.4541958,84.71558647,mango
137,81,66,27.92403609,65.3908669,5.87698866,106.25986699,banana
19,10,27,27.11040205,53.09666372,7.27433189,83.68703,mango
51,32,32,16.12001701,93.04166623,6.34264117,346.58750837,papaya
102,74,57,32.82640221,79.96219969,6.86255322,94.83778267,banana
54,73,51,45.0,91.25520005,6.70357174,140.32814026,papaya
49,11,29,34.95532424,53.44110312,7.19576465,91.40076963,mango
91,50,22,33.24904622,82.43985755,7.68450627,111.60540373,mango
104,3,54,27.991719,92.29303296,6.35528001,53.03652175,watermelon
49,89,69,42.17975342,99.0,8.03357,15.0,papaya
75,42,51,26.81662576,79.80662675,6.63202418,15.0,watermelon
69,62,47,25.78357948,87.91602521,6.94932802,152.9611912,papaya
45,28,35,28.67868189,51.84687666,3.87682367,87.17443513,mango
56,12,74,14.0,93.66200426,7.27338921,204.60682514,papaya
134,0,46,23.65380725,82.69816905,4.67458538,32.01612283,watermelon
22,28,26,27.67256197,45.41692012,4.947683034,92.84991507,mango
75,39,52,26.72697415,88.15232034,6.63843081,53.92225134,watermelon
0,1,28,45.0,42.09944164,5.28777816,94.23450651,mango
83,18,56,14.0,82.36402347,6.48897618,15.0,papaya
104,85,57,27.46283417,85.44866502,6.21213446,92.64408025,banana
59,53,53,34.01317382,92.51269658,6.78491917,145.4458786,papaya
63,41,56,32.73978504,83.87111808,6.13249949,22.29559303,watermelon
82,75,55,27.34585147,78.48738349999998,6.281069505,92.15524332,banana
153,64,56,17.36056402,94.29746041,6.11164778,781.67961234,papaya
82,23,49,26.81383586,87.21986949,6.873283991,51.70497792,watermelon
25,22,25,33.56150184,45.53556603,5.977413802999999,95.70525913,mango
91,38,48,24.79375496,84.09081709,5.78418625,51.56267653,watermelon
103,45,72,27.78235963,83.33682329,7.32440147,51.27815447,watermelon
94,28,58,27.63236988,71.35845483,5.33798237,56.46576592,watermelon
186,45,30,39.48210199,90.88033039,6.12932605,76.60195405,banana
77,115,39,26.92620103,76.6569937,5.10577454,102.04233399,banana
46,12,43,22.9251973,87.56783844,6.36560743,46.43583561,watermelon
62,67,28,19.78398654,97.76926934,6.41356772,304.43495255,papaya
88,83,50,28.55962036,74.13317803,5.39511163,125.03772688,banana
28,45,27,29.23360343,53.30013363,4.19214794,90.28895962,mango
83,27,55,24.18274096,86.31477359,6.91026458,60.90406338,watermelon
56,45,57,45.0,91.82156066,6.51804881,427.10118578,papaya
31,81,67,21.31845518,94.12434766,6.67095464,108.25812103,papaya
111,87,71,22.66653997,65.25175605,7.38915618,94.15521206,banana
0,19,40,29.70626663,50.98966485,6.64935689,84.89681433,mango
32,168,36,14.0,99.0,4.91629874,58.44024528,papaya
126,59,38,30.53137114,74.66131535,5.76385572,161.08224191,banana
43,58,51,45.0,83.87180991,6.04406491,60.55173629,papaya
91,77,53,28.3447758,74.43298403,6.65763079,104.6506321,banana
63,36,58,28.57285073,95.47212657,7.08665684,15.0,papaya
20,24,46,23.08380857,81.43391168,6.56054314,79.55755047,watermelon
111,6,53,26.493064500000006,88.59143088,6.313512998999999,46.06382209,watermelon
109,20,38,26.18132194,93.01780485,7.44534555,43.6017174,watermelon
56,0,48,25.76476426,78.74175896,7.38655727,32.74235264,watermelon
40,39,47,21.03335589,90.97948979,6.52854414,163.04030348,papaya
37,76,56,37.24201295,97.46419872,6.4024535,39.84887448,papaya
129,0,54,25.22425049,87.06044612,6.52717167,52.27015899,watermelon
124,61,49,21.32998191,87.89539835,5.73727066,90.29765545,banana
34,60,46,25.36436129,93.2967739,6.09292395,208.38994357,papaya
52,48,44,40.70215996,94.48909834,6.95655259,21.3773404,papaya
98,104,54,35.69434476,66.18546513,5.66609691,158.34120144,banana
129,4,60,26.7267362,90.88303194,6.40280512,80.8008476,watermelon
94,14,46,25.18651789,84.23375266,6.05533598,49.29915081,watermelon
36,19,32,27.10710832,50.70880979,4.94295037,92.37238878,mango
76,47,63,23.86366576,87.76596239,7.0194086,28.33399369,watermelon
10,102,57,45.0,95.86615516,6.61865628,27.55289026,papaya
0,0,20,44.39199,41.33414201,8.31602954,92.7775117,mango
22,72,56,45.0,88.47369471,6.730497,408.65485883,papaya
68,68,34,31.18360508,76.96982836,5.93691527,125.52849016,banana
92,39,47,27.78134861,87.31376385,6.60186789,53.65697563,watermelon
27,21,30,35.3915464,52.48823147,5.061081874,91.22881052,mango
18,66,34,45.0,46.65874263,6.98507368,98.45485852,mango
139,89,52,28.90665371,80.81258116,6.37583819,138.58679821,banana
53,74,57,43.60168669,95.16182254,6.72957482,148.46937611,papaya
74,57,43,39.19238734,90.43551586,7.05340684,200.41349759,papaya
22,18,33,30.41235793,52.48100602,6.621623545,93.92375879,mango
95,14,50,26.6333118,84.31756844,6.560443519,56.31866159,watermelon
132,71,57,30.29630478,85.70288571,5.338312,83.42618741,banana
111,96,56,28.37510945,81.68789974,6.33335128,92.31057829,banana
30,17,31,31.20478173,54.49960506,6.804437106,94.62954663,mango
105,30,50,25.29954705,81.77527562,6.37620108,57.04147057,watermelon
151,75,52,27.89593304,75.81993146,6.02909086,145.30572025,banana
83,12,45,26.51378824,82.70897441,6.14692231,50.32639015,watermelon
124,87,23,20.43551387,95.31877441,7.36232016,50.4200303,watermelon
141,24,49,28.34291739,83.28664724,5.2419574,48.17685419,watermelon
76,0,47,26.39654366,93.3446067,6.22794047,60.93517477,watermelon
42,69,43,32.19577279,94.57795855,6.7173743,196.2591055,papaya
3,41,28,29.52230136,53.90360961,5.02938801,91.05418826,mango
87,5,52,27.8491347,96.66161719,6.98261114,61.61754117,watermelon
99,29,56,25.45469268,81.94161367,6.8720259,61.2506298,watermelon
78,85,45,28.11305212,75.64158228,6.55727815,115.15008743,banana
113,15,53,25.85520042,81.83513497,5.91554256,44.98876512,watermelon
116,72,55,24.92682475,86.15597966,5.30358689,124.79486732,banana
105,95,50,27.33368994,83.67675197,5.849076099,101.0494791,banana
0,43,68,30.98544471,99.0,7.69847089,15.0,papaya
113,74,44,30.53724684,73.38337204,5.5713816,105.46016331,banana
112,0,54,26.89581582,82.67815898,6.36552311,36.45105892,watermelon
0,42,32,34.89227989,47.73945065,6.4472741,92.99800641,mango
56,47,48,22.50482963,89.93984858,6.82001992,208.67045222,papaya
128,51,52,28.44066541,83.38659054,6.0515561,22.57716491,watermelon
79,29,44,23.16223921,89.8757964,6.75415985,68.39936644,watermelon
0,38,27,31.45724678,46.33996643,3.69638925,89.28961997,mango
0,13,33,44.80984898,98.42704251,7.6066562,125.36915238,papaya
93,26,50,24.66566857,78.77273926,6.20840299,45.23572344,watermelon
63,62,51,31.01458578,89.82540212,6.64634115,107.3267977,papaya
128,93,49,26.77002931,82.28264357,6.65246825,99.0892353,banana
88,50,46,27.26040435,82.27195809,5.6128921,88.32620281,banana
3,37,16,36.49821368,50.98224535,7.20669959,103.84709227,mango
38,51,52,32.66160599,90.78931681,6.927803911,78.85085502,papaya
105,72,45,25.04366449,92.43736961,5.6426065,84.01092882,banana
73,19,48,24.35390194,88.04566781,6.18072398,34.16872082,watermelon
118,0,35,22.9672362,88.27563924,5.85648612,24.05194194,watermelon
198,66,53,34.07880308,60.65698685,5.91806241,69.81090492,banana
24,37,18,25.24219526,53.58673562,4.92867618,94.90166008,mango
127,21,53,27.90398701,88.73211517,6.4981885,39.12534822,watermelon
71,51,39,24.97111993,44.02815066,5.47359173,93.57035326,mango
130,7,39,33.01342538,65.7580209,3.5,82.288551,mango
96,14,61,24.65499165,89.82244683,6.58712323,47.69881896,watermelon
84,20,48,22.13000249,94.64279335,6.46512524,38.13786826,watermelon
77,53,42,32.02996377,90.46132136,6.73554138,235.91954511,papaya
166,0,110,24.33944275,65.5966018,6.74483039,48.08419321,watermelon
85,91,46,45.0,94.51848221,6.73354596,195.06709943,papaya
37,28,49,25.01169817,86.85008584,6.17307351,61.15372394,watermelon
99,0,40,23.93374273,80.14937502,5.8750872,60.81281128,watermelon
6,47,21,30.14951593,47.56363029,5.99444821,88.2523337,mango
30,55,57,42.8029105,90.62403999,6.79927155,48.8034236,papaya
32,55,50,37.79781383,96.43400732,6.382726,399.31273033,papaya
100,22,50,25.22350255,80.30071532,6.4278007,57.01270268,watermelon
0,40,29,34.94175604,36.57241392,5.65846791,98.35251789,mango
110,74,55,30.21565783,75.63423417,6.56254504,109.01589647,banana
89,56,61,19.67981397,73.21294184,5.01504056,15.59354219,watermelon
89,20,54,23.46764656,83.37196638,6.3946912,57.30562893,watermelon
79,23,44,24.46415582,92.73562946,5.71202818,52.76310104,watermelon
5,56,26,33.5058999,61.98935466,6.81011795,98.92250754,mango
37,86,38,45.0,66.47864241,3.5,99.33623555,mango
113,88,48,21.40515397,75.28662494,5.12104793,99.93059266,banana
101,0,60,21.56193426,94.72940314,7.01983088,53.17749646,watermelon
47,64,50,39.90185866,92.79547813,6.87605229,327.60673882,papaya
138,34,54,25.30498719,87.31992066,7.3775973,44.3211272,watermelon
91,9,37,24.69855494,92.6850847,7.76994822,433.4226557,papaya
108,94,47,27.35911627,84.54625006,6.387431382999999,90.81250457,banana
0,36,40,35.78057867,58.34582262,7.40509876,89.37134509,mango
108,79,40,25.08485087,57.76559792,6.14362814,127.10130136,banana
102,70,49,31.65892736,83.11351114,5.07178577,116.72233132,banana
113,19,45,23.04839081,70.51448882,7.01723886,50.15833656,watermelon
102,13,58,29.29408869,90.83104276,5.8853311,15.0,watermelon
40,38,33,37.09111512,48.9887252,6.570792,102.48757575,mango
85,27,45,26.0713757,88.7285657,6.467095849,57.79652846,watermelon
54,66,52,36.56769731,93.79503425,6.867554147000001,104.4218596,papaya
123,80,56,27.33742516,85.73332651,6.0529535,108.97768536,banana
35,67,49,41.31330062,91.1508798,6.617066674,239.7427554,papaya
38,75,58,18.25395744,95.0780705,6.87577214,15.0,papaya
0,45,36,14.0,55.97709503,3.5,73.33376247,mango
66,0,55,24.80519053,86.85749826,6.87152252,47.66834268,watermelon
0,39,35,19.67933222,23.8852767,7.93086974,105.62000862,mango
114,26,56,24.55133408,76.88207917,6.49975636,42.79637792,watermelon
12,0,50,23.72522931,88.49450695,5.60299591,73.49541145,watermelon
59,66,45,27.83116443,84.98694873,6.52692688,15.0,papaya
43,93,45,26.12092121,70.74472708,6.81273743,123.93328165,banana
158,43,73,25.82696813,78.43023541,8.51231271,22.45882332,watermelon
158,102,13,16.34151516,77.62595686,6.11916617,177.16902761,banana
167,53,39,21.92070341,66.19974543,6.33985575,93.56132263,banana
25,0,42,20.68806243,51.52537018,4.80305314,82.13470307,watermelon
119,25,51,26.47330219,80.92254421,6.283818329,53.65742581,watermelon
62,39,44,36.40789956,93.92643148,6.47897713,193.75236949,papaya
45,54,51,26.95085776,91.5522513,6.2656852,296.84304867,papaya
83,82,36,45.0,98.85077886,7.14727307,15.0,papaya
81,30,53,25.88360249,78.60040863,6.16467009,47.11288223,watermelon
35,68,45,42.93605359,90.09448142,6.612429546,234.8466111,papaya
79,70,50,26.27626322,87.91033516,5.80817184,103.27813484,banana
119,26,49,25.99981836,83.15086438,6.45091536,54.51126102,watermelon
56,65,45,38.2016825,93.97379963,6.751298936,218.09088140000003,papaya
105,27,47,28.04658022,88.76944772,6.77584028,55.62463643,watermelon
0,41,34,33.1804898,45.94519554,5.16997679,90.09596445,mango
86,19,62,23.63429199,87.01229037,5.93791341,56.41293192,watermelon
58,49,52,24.99551755,92.91360015,6.57992173,192.36654979,papaya
45,44,31,28.66507074,50.83439239,5.08200006,99.73242857,mango
15,51,25,31.38560916,53.12676321,4.60311988,102.40689991,mango
92,85,51,29.22118628,81.08183635,5.740764682000001,108.8616474,banana
94,64,48,42.69415532,95.71355262,6.90452015,35.34307197,papaya
12,57,27,26.62524004,65.81548065,5.09484377,89.72550689,mango
106,108,50,21.92961231,83.0372396,6.27946772,88.45014095,banana
68,69,52,25.65492304,92.74501561,6.813383387000001,52.95477913,papaya
49,60,50,14.0,82.92419335,6.39263414,125.77987913,papaya
177,77,46,33.2803214,79.69253883,6.88667837,84.00929205,banana
0,118,66,14.0,98.83596626,8.15378393,15.0,papaya
90,102,39,27.80637395,91.93673754,5.92011117,123.68899258,banana
14,8,31,26.1775032,52.28500148,7.54797864,95.8740944,mango
69,94,62,31.77780308,87.99593646,6.79391125,112.63007677,banana
65,62,51,31.53243779,90.87394933,6.5116248410000015,207.0735119,papaya
26,30,21,24.39217779,53.94386183,5.5150166,98.30978387,mango
12,39,26,29.34093103,48.50409026,6.21010732,91.49528795,mango
99,92,52,29.53006881,79.1402805,6.30285056,99.86130559,banana
99,84,43,25.84095846,80.76600521,5.06456415,97.77103801,banana
65,57,47,36.62012932,94.25239386,7.46508763,272.38686748,papaya
0,31,45,42.9935785,41.05210137,9.0,117.56216017,mango
105,73,55,45.0,90.709141,7.51318943,15.0,papaya
119,19,55,25.18780042,83.44621709,6.818261382999999,46.87420883,watermelon
23,24,32,28.1218093,46.16888595,5.630619901,93.30247448,mango
95,50,53,26.94994845,65.28750828,7.17891726,33.94937675,watermelon
74,83,41,26.86630142,88.75660315,6.71181008,117.23630347,banana
115,41,58,27.21029417,87.50462213,6.76233687,56.71775222,watermelon
9,24,28,38.93424494,52.7031587,3.63514056,93.76117741,mango
0,36,36,36.52902574,54.92174292,5.78996906,93.58803412,mango
78,3,53,25.57029494,81.89545845,6.6179976,47.14635732,watermelon
4,79,52,44.44389691,86.87215765,6.88088727,15.0,papaya
75,61,46,45.0,98.10966472,5.55788678,36.3284363,papaya
94,91,51,29.16093424,76.67484233,5.6180944460000015,109.575944,banana
188,97,55,35.82152998,75.96937996,7.09345271,114.00300469,banana
103,7,54,26.0459431,75.31791016,7.41154622,40.07674683,watermelon
35,21,17,33.57214279,53.83918008,5.77488301,92.70775922,mango
15,48,52,17.88745457,91.63541559,6.98742888,157.94236851,papaya
13,35,50,36.51162886,47.66697053,5.2819953,72.18347434,mango
62,74,58,16.91931732,88.27134147,6.52148564,188.63556819,papaya
91,7,53,25.13735887,89.28272716,6.457216535,43.52897517,watermelon
81,53,54,26.85039404,83.25050033,6.63542498,15.0,papaya
105,99,53,29.48347442,77.6604444,5.68150493,113.34064809,banana
13,21,41,39.11383197,54.33656748,7.20097822,82.76858246,mango
0,32,49,42.11942082,89.0228204,5.9524625,538.17612725,papaya
79,52,60,28.84739127,89.91753591,7.0535344,205.7412457,papaya
86,82,51,27.35796425,83.65028321,5.97744425,122.02194442,banana
71,13,62,23.89778141,82.68176218,6.30908442,64.17848812,watermelon
30,47,29,25.11976894,41.60192954,5.46257487,103.36008962,mango
80,21,50,26.46430399,82.19313544,5.63797835,58.4365768,watermelon
108,87,59,29.58616931,83.77843213,5.91258434,127.28894124,banana
28,23,28,30.01821337,50.09831810000001,5.676032581,96.08745082,mango
104,0,50,27.79898424,81.18882178,6.37522054,48.12307337,watermelon
53,0,27,37.14275924,56.10072531,8.68041599,103.69488759,mango
64,60,38,40.55201188,91.0481293,6.72327184,127.24486104,papaya
80,27,29,31.01274536,40.80298567,4.50050387,104.30262005,mango
55,86,44,29.05198254,75.45340489,6.4279057,114.55025309,banana
85,73,47,30.51409172,79.4055855,6.45250112,101.53337263,banana
24,45,56,29.23413855,97.31254305,6.63576488,15.0,papaya
110,78,50,25.93730186,78.89864446,5.915568968,98.21747528,banana
119,82,36,28.61856402,78.41088282,6.22776222,78.68363181,banana
23,54,33,32.77339636,57.89044729,9.0,96.04761607,mango
0,94,87,29.62323159,80.74656888,6.5069006,59.82459712,papaya
37,41,17,28.42128468,43.89542627,5.97006662,93.89380011,mango
26,30,23,29.79347031,55.32286145,5.9440319,83.7733502,mango
76,2,52,24.57065762,87.10113033,3.97108393,78.01590224,watermelon
217,115,74,35.65226102,97.7406017,4.96348953,118.39569359,banana
118,80,56,23.78982275,80.85172483,4.53459179,23.5941129,watermelon
11,36,31,27.92063282,51.77965917,6.47544932,100.2585673,mango
25,55,61,37.54122948,87.84123799,6.28146624,270.28319439,papaya
116,38,45,23.32971918,94.28797954,5.54248287,33.68024802,watermelon
44,56,49,39.23342464,91.25589286,6.519779582999999,64.4478499,papaya
0,36,35,16.12772062,51.18172889,6.87305969,118.627621,mango
104,100,53,26.47063009,85.93268597,6.32805436,112.93640616,banana
98,26,48,23.46040951,98.63255245,6.34821425,367.22919662,papaya
120,25,42,25.0800196,83.70477863,6.22786469,38.55482081,watermelon
41,5,27,29.91903678,50.31679952,9.0,95.2121292,mango
34,47,21,28.22313435,48.42873653,4.98692256,97.08436403,mango
57,41,25,31.7924953,42.37492084,7.38289998,92.72120756,mango
58,46,44,27.600707,91.76523486,5.32728793,53.08361939,banana
